Date,Trailing Volatility,Trailing Beta
2017-09-28,,
2017-09-29,,
2017-10-02,,
2017-10-03,,
2017-10-04,,
2017-10-05,,
2017-10-06,,
2017-10-09,,
2017-10-10,,
2017-10-11,,
2017-10-12,,
2017-10-13,,
2017-10-16,,
2017-10-17,,
2017-10-18,,
2017-10-19,,
2017-10-20,,
2017-10-23,,
2017-10-24,,
2017-10-25,,
2017-10-26,,
2017-10-27,,
2017-10-30,,
2017-10-31,,
2017-11-01,,
2017-11-02,,
2017-11-03,,
2017-11-06,,
2017-11-07,,
2017-11-08,,
2017-11-09,1.792591552382937,-9.69977973194452
2017-11-10,1.798329915726228,-11.794245767666023
2017-11-13,1.9225185165028522,-10.326898501850197
2017-11-14,1.9348765751806207,-7.107320987380631
2017-11-15,1.9367980144144075,-7.030672764466168
2017-11-16,1.9353601774805875,-7.134501875792435
2017-11-17,1.9400342523432237,-6.170296994286983
2017-11-20,1.937463801710459,-6.027986555721427
2017-11-21,1.9303640476672859,-6.127494855002653
2017-11-22,1.940154379598231,-6.425396636467763
2017-11-24,1.944680848881541,-6.871100644951998
2017-11-27,1.9897397954649767,-7.314317931229942
2017-11-28,1.982353741362924,-6.461354191718781
2017-11-29,1.9886709971688434,-6.211044334877705
2017-11-30,1.9922562727258182,-6.274151922512043
2017-12-01,1.9932958218411148,-5.963304098850831
2017-12-04,2.0012777169518374,-5.484378908740563
2017-12-05,1.9958262983989712,-5.704642012467534
2017-12-06,2.005830370555993,-5.731343189629373
2017-12-07,2.004637758432672,-7.480467820935694
2017-12-08,1.9992024043867662,-7.015082240359366
2017-12-11,2.000359113996289,-7.2056120671612645
2017-12-12,2.0077824758367147,-7.710318359123355
2017-12-13,2.0171047938633424,-7.456977235416346
2017-12-14,2.0094067951069965,-6.723953163110731
2017-12-15,2.0259548107582925,-6.260043075250534
2017-12-18,2.0225146167139627,-5.360205332168291
2017-12-19,2.0188915702296644,-4.6851676279759635
2017-12-20,2.0375276442657424,-4.52921011236138
2017-12-21,2.031818072901942,-4.497820087113855
2017-12-22,1.3611336186252423,0.8933898827814044
2017-12-26,1.3217805889356937,1.0518573389999935
2017-12-27,1.0579832521830748,1.207499309948445
2017-12-28,0.9726021115701714,0.007298965049121992
2017-12-29,0.9674192698545001,1.2096367293309291
2018-01-02,0.9675356701244984,1.167952721353066
2018-01-03,0.9717773656594758,1.3198640446597742
2018-01-04,1.0059372208221908,0.772444756969875
2018-01-05,1.0415094291385039,0.15835903128834608
2018-01-08,1.0147708271681357,0.6668579476081372
2018-01-09,1.027336742105295,0.6364611003794555
2018-01-10,0.8876753612614399,1.5763035465894417
2018-01-11,0.8893628521018976,1.5093237615701753
2018-01-12,0.8844503131356971,1.1207682898171303
2018-01-16,0.9263259689186852,2.8465719959651667
2018-01-17,0.9433879211406478,3.583107763758879
2018-01-18,0.9368409749702427,3.4156842652028265
2018-01-19,0.9231084488535758,2.7618476387923128
2018-01-22,0.8866268658724512,4.244162432035177
2018-01-23,0.8814072766581654,4.335567237554667
2018-01-24,0.8679456198789713,4.03578379574143
2018-01-25,0.8517333718929676,3.6960261424343432
2018-01-26,0.8530104315018551,2.612158881175996
2018-01-29,0.8489573370387125,2.339842001683873
2018-01-30,0.8492302556132642,2.4259606916851615
2018-01-31,0.7467888074630105,2.212556508620155
2018-02-01,0.7077572793329476,1.7559639890064194
2018-02-02,0.7090540820820215,0.6449504554561305
2018-02-05,0.6895660861988204,0.21617372838021584
2018-02-06,0.7015200850499992,0.47316826125438627
2018-02-07,0.7484629098492172,0.307242831495724
2018-02-08,0.7303619091666342,0.52948476072492
2018-02-09,0.7329357196488758,0.43378752292014366
2018-02-12,0.7336920832341399,0.49730255824328623
2018-02-13,0.7310737489552936,0.4835955346230788
2018-02-14,0.743517423189395,0.5761413316241223
2018-02-15,0.7178307850089147,0.538060899028975
2018-02-16,0.7062159361267001,0.5903280880035957
2018-02-20,0.6692637111850879,0.6380145233166363
2018-02-21,0.6663122283767807,0.6321236771724469
2018-02-22,0.8308469881330648,0.6061353229222071
2018-02-23,0.8315648431569937,0.5463554159666836
2018-02-26,0.8331636001006351,0.5117070609577871
2018-02-27,0.8334410130598463,0.48673880216332144
2018-02-28,0.7823370515707639,0.43853030590408554
2018-03-01,0.7772583529864612,0.4450009420232881
2018-03-02,0.7800531385042353,0.4111939180588473
2018-03-05,0.7874749337856377,0.4917321984824176
2018-03-06,0.7461592680002147,0.36550186729932943
2018-03-07,0.7443542052993467,0.37808773755865377
2018-03-08,0.744145882542664,0.37362419844027633
2018-03-09,0.731493337394017,0.3406715118729714
2018-03-12,0.7291661084740567,0.3952166845586236
2018-03-13,0.729211704393403,0.3954194475227306
2018-03-14,0.7279777168196322,0.38059617144715946
2018-03-15,0.7272046538945729,0.3851854769762869
2018-03-16,0.7263774351597544,0.3869914416276277
2018-03-19,0.7408843355297771,0.5769248557686855
2018-03-20,0.7461871019678894,0.7972349991599127
2018-03-21,0.7332998317628654,0.6431366467941567
2018-03-22,0.6753703003684275,0.7525205337908831
2018-03-23,0.6752458898927949,0.7955188486087604
2018-03-26,0.7191306714002287,1.344150993688709
2018-03-27,0.7246002584055398,1.3924300091277295
2018-03-28,0.7354371151835793,1.4151120010590494
2018-03-29,0.7188658721694693,1.2524763582180753
2018-04-02,0.714644980848693,1.156136668781247
2018-04-03,0.6868985675301851,1.1128696343544215
2018-04-04,0.6888848005346688,1.3733714312998537
2018-04-05,0.687834100343249,1.3667764856230218
2018-04-06,0.4861206710344694,1.317953730373305
2018-04-09,0.5063642614363573,1.4657540315664581
2018-04-10,0.50342826626071,1.4655979202169356
2018-04-11,0.5003193495476456,1.5413301783247815
2018-04-12,0.5298113653800964,1.6578451562813423
2018-04-13,0.5180172155109231,1.6045770927410825
2018-04-16,0.5144356297673163,1.644275375351624
2018-04-17,0.569660178809932,1.7612334605820477
2018-04-18,0.6618802860466229,1.7450613548666924
2018-04-19,0.6692658344263592,1.6955613361963788
2018-04-20,0.6692706928793697,1.6831196105097674
2018-04-23,0.6693895415321712,1.811214682220816
2018-04-24,0.6689913369540991,1.734812685161001
2018-04-25,0.6693703779460778,1.7171760280400303
2018-04-26,0.677307334393843,1.755609087557634
2018-04-27,0.6759248065762675,1.752433247009686
2018-04-30,0.675459867972393,1.7373653217340588
2018-05-01,0.6571948316469671,1.6527119283827452
2018-05-02,0.6535894166836582,1.6126947254817763
2018-05-03,0.6832640814301435,1.6291235016470906
2018-05-04,0.68301234654892,1.7409246058414773
2018-05-07,0.6872904284258011,1.7420080522945556
2018-05-08,0.647506880993664,1.4609211439967738
2018-05-09,0.6830001847822298,1.5629545797129112
2018-05-10,0.6658360798439251,1.3911011169063339
2018-05-11,0.6662721858932833,1.4957691784369374
2018-05-14,0.6603089884399358,1.5439565483043922
2018-05-15,0.6704245009214275,1.7789198719531707
2018-05-16,0.6457675309850761,1.572278623247131
2018-05-17,0.6438186939784489,1.6816000320044182
2018-05-18,0.6476726795258911,1.960760817014836
2018-05-21,0.6423748506122987,1.7532040502008208
2018-05-22,0.6447429246009126,2.250612379246092
2018-05-23,0.6448956253831014,2.278165218702949
2018-05-24,0.638471297207652,1.961722158017319
2018-05-25,0.6598886162939703,1.6763614532513909
2018-05-29,0.6599310791355653,1.5828949022650656
2018-05-30,0.610844014021707,0.7640231034961831
2018-05-31,0.49985024265650185,0.928648820377856
2018-06-01,0.49632011096230383,0.8940000662617561
2018-06-04,0.4993483844132868,0.9381731323154
2018-06-05,0.5200898329057596,0.9122773504368547
2018-06-06,0.5263283565059321,0.8412202752778688
2018-06-07,0.5219193554414889,0.8600955813303868
2018-06-08,0.5185802502341956,0.7027891307754682
2018-06-11,0.5368858062479561,0.6896115507116112
2018-06-12,0.5360127323687761,0.6287433861072903
2018-06-13,0.5476436311772289,0.4363334451194653
2018-06-14,0.5531262977180194,0.5020997555423815
2018-06-15,0.5193145609588856,0.5252460041954148
2018-06-18,0.5245643122413927,0.42707122629131383
2018-06-19,0.5114797407818547,0.3458787168354649
2018-06-20,0.5138634347870529,0.3446817963762692
2018-06-21,0.4722553660163481,-0.10712547962718974
2018-06-22,0.4710895216331327,0.118691867359611
2018-06-25,0.5093540322652503,1.0712717437310941
2018-06-26,0.5227395903595269,1.1624098835541399
2018-06-27,0.5437284880736927,1.3844939189494083
2018-06-28,0.5436639354425176,1.3366615754029634
2018-06-29,0.5446060190918446,1.3501022539824132
2018-07-02,0.5398461760269294,1.4307010578832335
2018-07-03,0.5490909753315509,1.5546949185542693
2018-07-05,0.5431937296057374,1.28897761689945
2018-07-06,0.5456056089507745,1.3400947056888382
2018-07-09,0.540014951892315,1.2037363950611788
2018-07-10,0.50885612321204,1.3352023209513075
2018-07-11,0.5092185441096071,1.4465490344744787
2018-07-12,0.5252257908914619,2.0732882335642477
2018-07-13,0.5152891309325016,1.9270883573733617
2018-07-16,0.5152371211707054,2.3330962436315374
2018-07-17,0.5379869849775639,2.4827187582286228
2018-07-18,0.5350796598646947,2.4033318650308138
2018-07-19,0.5287043235448192,2.7986572183824507
2018-07-20,0.5290973554602946,2.804607444514982
2018-07-23,0.5274671432244191,2.856958191875408
2018-07-24,0.5399139983408946,2.3773507464216883
2018-07-25,0.5484072467275167,2.505417297515399
2018-07-26,0.53434963919604,2.71963210771606
2018-07-27,0.5308202853265108,2.7079848388051526
2018-07-30,0.5569222842566913,2.8764052993447766
2018-07-31,0.550957979734001,3.0411604356639854
2018-08-01,0.5507443304823982,3.1086474071140993
2018-08-02,0.5449102850187167,3.0911753353992615
2018-08-03,0.5375042805718602,2.9903080859150455
2018-08-06,0.5414102456066381,3.056730416552978
2018-08-07,0.5087652391052262,2.632895992737152
2018-08-08,0.49286050234032924,2.60876764565978
2018-08-09,0.7570437520394985,0.9067703534455387
2018-08-10,0.7567482264548079,0.8686101066026926
2018-08-13,0.7742245360869521,1.2480102735869623
2018-08-14,0.7740504073187863,1.1849428864329612
2018-08-15,0.7688127461023749,1.7262941264559897
2018-08-16,0.7765907768998687,2.1532785425987044
2018-08-17,0.7777806276999013,2.013223097602776
2018-08-20,0.7769385758058996,2.39435482107241
2018-08-21,0.7780956785873464,2.522146513293657
2018-08-22,0.777612160759394,2.626878086332067
2018-08-23,0.7671612667847589,2.28809110841249
2018-08-24,0.7778933025704274,2.5748980580499725
2018-08-27,0.775609560334438,2.36610833269272
2018-08-28,0.7620863578583216,2.1639459608245617
2018-08-29,0.7689288396665438,1.7923409015155423
2018-08-30,0.7690611959789988,1.7277509749028814
2018-08-31,0.7728188504589499,1.7617467935487874
2018-09-04,0.7887977982651633,1.497858358825349
2018-09-05,0.7726029366706963,2.1572063276080797
2018-09-06,0.7720779639230054,1.7830989260105135
2018-09-07,0.7725814640555666,1.667253134595496
2018-09-10,0.775317161891377,1.4325148993767796
2018-09-11,0.73754481080684,0.5758801400148474
2018-09-12,0.7387875257943293,0.549124498774807
2018-09-13,0.7405646944126948,0.2711761247551302
2018-09-14,0.7409294736282228,0.276152704842342
2018-09-17,0.7464969722869136,0.780565222123749
2018-09-18,0.7471940754431571,0.8439758619328697
2018-09-19,0.7510077855798892,0.9502298692402003
2018-09-20,0.7506762698669522,1.0422474808807032
2018-09-21,0.4629393320366922,1.9249265399484472
2018-09-24,0.46274568143723316,2.1216197800095467
2018-09-25,0.4344543867131081,1.7470935495258182
2018-09-26,0.4346909966155319,1.8617478672006735
2018-09-27,0.42436329396311706,1.5612888815642154
2018-09-28,0.4213680220327981,1.169528983098407
2018-10-01,0.4284228688832134,1.6025446946429431
2018-10-02,0.47848726683069526,1.8132165422797064
2018-10-03,0.4741667507205798,1.7305416873416448
2018-10-04,0.5356726395231977,3.0126666931858783
2018-10-05,0.5356720497514404,2.8558623591343535
2018-10-08,0.5193717871591225,2.447498829749544
2018-10-09,0.5210546014269579,2.6479799174559377
2018-10-10,0.6342462120763604,3.6234758613158347
2018-10-11,0.6193342336943973,3.1141013271873734
2018-10-12,0.6590864553881574,3.363322726979744
2018-10-15,0.6587650270422211,3.3233941121939328
2018-10-16,0.640204286716087,2.8933126547406154
2018-10-17,0.647824559559288,2.8535115874589967
2018-10-18,0.6637050720853093,3.0016101269305633
2018-10-19,0.6724455285632676,2.9946259947980254
2018-10-22,0.6491261573679612,2.921936568616333
2018-10-23,0.6387446193909124,2.846084893852869
2018-10-24,0.6568678509590785,2.6259218712681385
2018-10-25,0.665012637909748,2.565314858644225
2018-10-26,0.6633620992963064,2.3984032710750536
2018-10-29,0.6645096126212673,2.402574506269035
2018-10-30,0.665782313803308,2.369328550364564
2018-10-31,0.6981766279929937,2.508360716059611
2018-11-01,0.7025563935382694,2.5208962240846122
2018-11-02,0.702910375983911,2.5134631603975244
2018-11-05,0.7021829619490941,2.467012451373655
2018-11-06,0.7030637309966448,2.4051096942199224
2018-11-07,0.728254862046236,2.4573967577489397
2018-11-08,0.9568814302731606,2.4749539825809643
2018-11-09,0.9593480638801735,2.4841250608736276
2018-11-12,0.9480024418835571,2.4283396133019255
2018-11-13,0.9456610865564852,2.445585695306012
2018-11-14,0.9470543617919669,2.3977391266042214
2018-11-15,0.9361074219302488,2.376420179719331
2018-11-16,0.9360257094106844,2.3941043455845117
2018-11-19,0.9401724040891589,2.384361725700971
2018-11-20,0.9441150502952692,2.362225588464431
2018-11-21,0.883025190508234,2.097638783110813
2018-11-23,0.8829890257290476,2.2839655361546995
2018-11-26,0.8537183641952256,2.133220464473047
2018-11-27,0.8546067758161138,2.1380060968870933
2018-11-28,0.8439931301949313,1.9370713185453714
2018-11-29,0.8588466058461264,1.9223927730044732
2018-11-30,0.8452538034828408,1.842678100630639
2018-12-03,0.8452579649050433,1.8863789349602205
2018-12-04,0.8574311578792023,1.830567811319465
2018-12-06,0.8627065907263803,1.8396007977773097
2018-12-07,0.8680636044073221,1.9322486800369305
2018-12-10,0.8625561537777799,1.9286229740011722
2018-12-11,0.8661239445789892,2.0604940930158913
2018-12-12,0.8651855942690068,2.038645402301664
2018-12-13,0.858223072847711,1.9877413131862347
2018-12-14,0.826906726849337,1.7148657060904318
2018-12-17,0.8124140638091943,1.5982645327701168
2018-12-18,0.8105665216963985,1.6159151037155612
2018-12-19,0.8106625404976081,1.594909757249133
2018-12-20,0.8113818839568396,1.6032667733386148
2018-12-21,0.7954087872339456,1.5084596340770275
2018-12-24,0.5275955532994786,1.4644418091758802
2018-12-26,0.6497402362444177,1.778141926676242
2018-12-27,0.6367972614325621,1.7365470755786703
2018-12-28,0.6290238586054414,1.7318003153961357
2018-12-31,0.6282659739020967,1.757907136711619
2019-01-02,0.6515962124523684,1.7582727852793831
2019-01-03,0.6770572841717908,1.8210887011820673
2019-01-04,0.7717347244782073,2.044256753709605
2019-01-07,1.0651276534224,2.2600288539378424
2019-01-08,1.068452471291621,2.2119025275530695
2019-01-09,1.0708143617168524,2.2211408934534576
2019-01-10,1.0767717750557628,2.208799852544759
2019-01-11,1.067718078002862,2.2332815253707388
2019-01-14,1.0674369631569618,2.4083944711177336
2019-01-15,1.06078269710045,2.3991008398540408
2019-01-16,1.0618166077255353,2.406417798334924
2019-01-17,1.064527053280557,2.4316049381452896
2019-01-18,1.0515738548043787,2.4040314815492905
2019-01-22,1.0524639448973128,2.4024645721409312
2019-01-23,1.0303030591640872,2.3492941044792133
2019-01-24,1.045458670072296,2.359636717343717
2019-01-25,1.0369636629400105,2.340833189714408
2019-01-28,1.0340584350393032,2.351850463518534
2019-01-29,1.0279034162275327,2.35496553268846
2019-01-30,1.0277936520640998,2.381363548848588
2019-01-31,1.016900495990303,2.3684743727228925
2019-02-01,1.0110133051074464,2.3565139268022337
2019-02-04,1.0095195855027692,2.377188414377149
2019-02-05,0.9994357439233351,2.3699590533197563
2019-02-06,0.9562428682953683,2.225603184450063
2019-02-07,0.96569131883279,2.553527940468385
2019-02-08,0.9216199407953889,2.857688668443087
2019-02-11,0.929631323904772,2.9302064670209664
2019-02-12,0.9305903858455952,2.916424104677054
2019-02-13,0.930589334068179,2.9493243933564184
2019-02-14,0.9215203000048329,2.9603102757081587
2019-02-15,0.8802289023592788,2.771175515690727
2019-02-19,0.8268647980792238,2.3287321738556903
2019-02-20,0.43748332626050995,1.5429930422418712
2019-02-21,0.44562641327491714,1.9600934102745378
2019-02-22,0.8357577243687531,2.545282266785205
2019-02-25,0.8157749424237365,2.594399570141179
2019-02-26,0.8113172720543417,2.5662689537850203
2019-02-27,0.8103900905967085,2.5166694999364103
2019-02-28,0.8164114283698733,2.7041506312572805
2019-03-01,0.813362317298245,2.745415467057649
2019-03-04,0.8221087398649899,2.8469218949627386
2019-03-05,0.8165595539066942,3.459936481730766
2019-03-06,0.8085736424428321,3.15795823347251
2019-03-07,0.8150362197961792,3.19785989830016
2019-03-08,0.8015805439945415,3.246464788880352
2019-03-11,0.8036599251105513,3.207713759680319
2019-03-12,0.8243992112172218,3.21410637144929
2019-03-13,0.937755460088238,2.4515223238987613
2019-03-14,0.936551130814807,2.673301795817272
2019-03-15,0.9364357466846713,2.776997472755809
2019-03-18,0.9362003978086358,2.75802951629471
2019-03-19,0.930281696246033,2.6079854752082605
2019-03-20,0.9307942501915408,2.6240663447430124
2019-03-21,0.932097586988553,2.538977820617986
2019-03-22,0.9386015014577367,2.488134021505247
2019-03-25,0.9426378867783426,2.4301875424680204
2019-03-26,0.9476056489023509,2.0980839205449304
2019-03-27,0.9502833323213862,2.140976600553059
2019-03-28,0.9528347928478782,2.179181615328873
2019-03-29,0.9529757202663338,2.122754212455095
2019-04-01,0.9691837970835566,2.5228604208464827
2019-04-02,0.9692080077902725,2.512785470092644
2019-04-03,0.9761273988473818,2.4977300340337725
2019-04-04,0.9865156896757696,2.2618303774465045
2019-04-05,0.6670434133614097,1.2053690520192133
2019-04-08,0.6779550360262123,1.216017317665915
2019-04-09,0.6807522745425106,1.293823147594201
2019-04-10,0.6720056010506266,1.3156878324131909
2019-04-11,0.6711359221762787,1.2879853718077008
2019-04-12,0.6637478504517014,0.9534396282103942
2019-04-15,0.6602470344977696,0.8650257167699205
2019-04-16,0.6598713264103964,0.9208842039181171
2019-04-17,0.6453168226649508,1.324054762148699
2019-04-18,0.6453239800535512,1.3720756485167587
2019-04-22,0.651554966142734,1.4046202929914982
2019-04-23,0.6638915231842952,1.4320074769187519
2019-04-24,0.6528320014095096,1.5248207006091898
2019-04-25,0.5073340062049043,2.3111019696173134
2019-04-26,0.5173916877669987,2.458918472259599
2019-04-29,0.5157024122675975,2.474494049428139
2019-04-30,0.5145532460516837,2.4524901852069694
2019-05-01,0.5110381314268069,2.282437397791509
2019-05-02,0.5120536104960217,2.264591390983955
2019-05-03,0.5049666316836952,2.106407995695395
2019-05-06,0.48768047201230885,1.8302133558790796
2019-05-07,0.47196348066280663,1.7044843312506532
2019-05-08,0.4586063497612399,2.036363101227832
2019-05-09,0.9246526318774194,0.6165725750229266
2019-05-10,0.9228456946467136,0.4545599914719613
2019-05-13,0.9338444881130886,1.1302426219737176
2019-05-14,0.9206472066882713,0.8686093931558562
2019-05-15,0.9196017109089056,0.8364537832242521
2019-05-16,0.9136693568639679,0.7795494354188557
2019-05-17,0.8907721908404513,0.8763126381228691
2019-05-20,0.8888511868754284,1.0298175014811968
2019-05-21,0.8821433891893679,1.2326711314967045
2019-05-22,0.8757303320838422,1.1514579253032082
2019-05-23,0.87215782382261,1.0842659714008305
2019-05-24,0.8822670700716847,1.1592197771432722
2019-05-28,0.9073024735502498,1.7918018510466631
2019-05-29,0.9074216812620306,1.7199118250196415
2019-05-30,0.9071087311031524,1.6983065257593983
2019-05-31,0.9100124860381432,1.8479413604316142
2019-06-03,0.9117466468836088,1.8988382368490293
2019-06-04,0.9145773514178714,1.7317291063953337
2019-06-05,0.9295688110580895,1.8451134962033287
2019-06-06,0.9310412354783761,1.6982880355559853
2019-06-07,0.9296688776850486,1.6177637369569535
2019-06-10,0.9317708010842088,1.5204445570120266
2019-06-11,0.9320639419879913,1.5358083705423622
2019-06-12,0.9351977585002442,1.5277490339759061
2019-06-13,0.9352803768111145,1.470743914034937
2019-06-14,0.9447457805939233,1.4832294862115438
2019-06-17,0.9445007933896103,1.5719159839955563
2019-06-18,0.9449858149584796,1.455929189095153
2019-06-19,0.9383109283214227,1.3594580611630227
2019-06-20,0.9428557295054777,1.1918902498399184
2019-06-21,0.5224102813316935,1.7071455124475257
2019-06-24,0.5296108180149345,1.764135428241447
2019-06-25,0.5565042753443632,2.0734350912003294
2019-06-26,0.5472788765977074,1.9943274323912759
2019-06-27,0.547519256727019,2.0175701272708366
2019-06-28,0.5555628934190779,2.019692910815506
2019-07-01,0.5555385601369575,2.0531144163364976
2019-07-02,0.5560390981170832,2.0811063445323206
2019-07-03,0.5376704306660066,1.8898223260900686
2019-07-05,0.5543019999733303,1.8373528289840444
2019-07-08,0.5694955440652921,1.9427756116828072
2019-07-09,0.5411096873588761,1.9215393402175365
2019-07-10,0.4914342131739767,1.4680190479863047
2019-07-11,0.4845357719727085,1.7465143603942932
2019-07-12,0.4882538195512656,1.7036752790893381
2019-07-15,0.47839686029506556,1.5410713503913882
2019-07-16,0.5150497118728913,1.0854132121834632
2019-07-17,0.5113636081458279,0.9423272223568269
2019-07-18,0.4504016370680225,0.25787924802995676
2019-07-19,0.4525103964067741,0.5543593494442478
2019-07-22,0.45256806853129394,0.4696419134605252
2019-07-23,0.46290007314062026,0.2349197641595757
2019-07-24,0.4678098110518898,0.3240541568690795
2019-07-25,0.4497621177943261,0.5618755156928282
2019-07-26,0.4593898812227946,0.7586694385503024
2019-07-29,0.47429111762983517,0.8609523687232062
2019-07-30,0.4719669291757324,0.8443489833840373
2019-07-31,0.476837987000652,1.0639127492547382
2019-08-01,0.47790292776765414,1.1582675806402027
2019-08-02,0.4762153885004263,1.3647736642074846
2019-08-05,0.47568464438063224,0.3021089824509354
2019-08-06,0.4845734100849722,-0.039572801063166914
2019-08-07,0.44503010199085613,-0.3717794292522317
2019-08-08,0.741485261575194,1.4273393035591881
2019-08-09,0.7430495097029949,1.3542864134423438
2019-08-12,0.7535810634696962,1.0900088000590575
2019-08-13,0.7536539688260521,1.0001547615830193
2019-08-14,0.7669302114499615,1.1655141520089725
2019-08-15,0.7691607081786971,1.1854494249823766
2019-08-16,0.7610298128772911,1.1045086340431742
2019-08-19,0.7530825061168311,1.1837007407218616
2019-08-20,0.7539804991154238,1.2014099517003551
2019-08-21,0.7562435510096732,1.250287672253775
2019-08-22,0.7564951855737723,1.2531060186640188
2019-08-23,0.7536163507654347,1.247155522901678
2019-08-26,0.7575302003122151,1.2766606574136399
2019-08-27,0.7368972276346124,1.2914050072165262
2019-08-28,0.732153058316503,1.2074904105954367
2019-08-29,0.7325481584654214,1.2253361295621932
2019-08-30,0.7264727296067537,1.1977088059537813
2019-09-03,0.7297050792802988,1.164676106041853
2019-09-04,0.7379239594578172,1.3780060649819978
2019-09-05,0.7419839569883118,1.250624531362126
2019-09-06,0.7388193697100837,1.234464037902261
2019-09-09,0.7629462562640202,1.2104833393151238
2019-09-10,0.8185850094784638,1.1903468862396738
2019-09-11,0.8221321760127348,1.215112233975634
2019-09-12,0.8189135361754776,1.1429935776581108
2019-09-13,0.8125891654284964,1.0935100339944155
2019-09-16,0.8109777566987167,1.0758208587692821
2019-09-17,0.8111057134442435,1.4151630892317164
2019-09-18,0.9102186504524608,1.705879169024181
2019-09-19,0.9109492046960005,1.7002831847183608
2019-09-20,0.8959590021722341,1.2907566387495286
2019-09-23,0.891667969629848,1.3828633814583962
2019-09-24,0.8670085139052262,1.8270157145895956
2019-09-25,0.8715814521976691,1.9315268229698368
2019-09-26,0.8697389867102818,2.413581100776852
2019-09-27,0.8736787160413467,2.4554412773929704
2019-09-30,0.8754403027649023,2.589819345622272
2019-10-01,0.8694872279411329,2.2508763218353534
2019-10-02,0.8699232782973093,1.9194735840277426
2019-10-03,0.8849239374100598,2.029261544336761
2019-10-04,0.8850837525317408,1.8041798889021623
2019-10-07,0.8850641208642569,2.463944039721916
2019-10-08,0.8776042267663099,1.7972453990990034
2019-10-09,0.9176197397102978,2.2811663566262026
2019-10-10,0.9179320830395851,2.264705869868791
2019-10-11,0.9258903954098454,2.392869074037348
2019-10-14,0.9257673090658687,2.4105356638271016
2019-10-15,0.983413327966873,3.083786545273454
2019-10-16,0.9535838859943393,2.7803944748997953
2019-10-17,0.9669682896430486,3.1716031269703167
2019-10-18,0.9806956316303533,3.2874308528706
2019-10-21,0.9750276445932131,3.3277917241761577
2019-10-22,0.9311037492762058,3.3342463663618123
2019-10-23,0.922994432531405,3.2420285593332756
2019-10-24,0.924727429422117,3.3048093567008303
2019-10-25,0.9268118890506136,3.3242788464397046
2019-10-28,0.9702833907297198,3.6292409585437437
2019-10-29,0.97016317169259,3.631441843620866
2019-10-30,0.8774874615436924,3.656477490674861
2019-10-31,0.8766028252960404,3.6789430065790474
2019-11-01,0.6496056466229796,2.487454290885347
2019-11-04,0.665152323674148,2.37142446140942
2019-11-05,0.6530616284791814,2.2498342984013
2019-11-06,0.6513079288253008,2.2320240921674244
2019-11-07,0.8117133563739708,1.916594478856797
2019-11-08,0.8050515975926347,1.8044742840512547
2019-11-11,0.8182387084479156,1.6698315677181446
2019-11-12,0.8256112466900187,1.8695829773863124
2019-11-13,0.8336826647771602,2.3476349457018397
2019-11-14,0.8268418813479116,2.100603889267557
2019-11-15,0.8319387984730369,3.082071458313576
2019-11-18,0.829981450201812,3.0699248188226136
2019-11-19,0.8445213395766146,5.415112165179192
2019-11-20,0.8145379056912903,4.127607385784713
2019-11-21,0.8159929586090114,4.704793391714515
2019-11-22,0.8092089513994731,4.801877595415782
2019-11-25,0.8052403485146857,4.062239270482294
2019-11-26,0.7478908216697638,2.428284998508166
2019-11-27,0.7506223681351376,2.1695571139999594
2019-11-29,0.7412219496450542,2.0827994813303703
2019-12-02,0.8473944291029858,4.378652658476073
2019-12-03,0.8631753679271154,2.8433020809257523
2019-12-04,0.8632929907839456,2.855198253118602
2019-12-05,0.8651932575537704,2.877180583976302
2019-12-06,0.8697087574910108,2.0857899984419435
2019-12-09,0.8687258725100069,1.9253458277562385
2019-12-10,0.8223065959199826,1.1592519240696895
2019-12-11,0.8229014156236655,1.1279988735542368
2019-12-12,0.8310894167183441,0.46395985147578894
2019-12-13,0.8427489081373636,0.45420534756395237
2019-12-16,0.8532793360923034,0.9852696877401519
2019-12-17,0.84727455522936,1.24503966707528
2019-12-18,0.8472417554392488,1.2388443681245356
2019-12-19,0.849669459922002,1.368194901583976
2019-12-20,0.7004906097072154,2.0470086083572068
2019-12-23,0.6990321040568113,2.008159158132265
2019-12-24,0.687545238063158,2.294690977127064
2019-12-26,0.6762190270674192,2.1003404119149227
2019-12-27,0.6686923288991806,2.317036490108142
2019-12-30,0.6748296606194057,2.7674224617859946
2019-12-31,0.6529173066259653,2.31572137278792
2020-01-02,0.6549256517923832,2.457812815637942
2020-01-03,0.6469544672539078,2.030942397998505
2020-01-06,0.6523516120500509,2.5163497143994786
2020-01-07,0.6579647224963271,2.6171471886385707
2020-01-08,0.6578843070631671,2.4115824764700378
2020-01-09,0.6579015739363723,2.434410131835298
2020-01-10,0.6521330742158733,2.5192976236662252
2020-01-13,0.6675850028911958,2.8696676488711255
2020-01-14,0.667556333178851,2.9153252680289943
2020-01-15,0.5035844838016396,0.9376565210391479
2020-01-16,0.4670484495080187,1.8725989048064402
2020-01-17,0.4480408976777268,1.6009230906597507
2020-01-21,0.4716463292895029,1.190646406745668
2020-01-22,0.47323881853558186,1.746246115683321
2020-01-23,0.47407541469814,1.921142595602084
2020-01-24,0.47889010573223595,2.1212698628605833
2020-01-27,0.48464280544530125,1.927938369418152
2020-01-28,0.4791766546640373,2.485128937548961
2020-01-29,0.45664253312304964,2.4639149908797084
2020-01-30,0.4388577615179339,2.286282907189087
2020-01-31,0.48368495316282556,2.7125035061283373
2020-02-03,0.5113495015237942,2.91302279137567
2020-02-04,0.512837824960629,2.746658985084039
2020-02-05,0.5242377270437375,2.318633382174561
2020-02-06,0.5186090634634912,2.314375117894555
2020-02-07,0.504252807553908,2.3317887057376465
2020-02-10,0.5421892990545714,2.56087889342377
2020-02-11,0.5442176110120245,2.5444239840448577
2020-02-12,0.5174136276277922,2.362642136770417
2020-02-13,0.5154948469597092,2.3400639783705808
2020-02-14,0.5441083337371049,2.308475022417492
2020-02-18,0.5478694805988003,2.489613405573992
2020-02-19,0.5312747334899109,2.408503129708706
2020-02-20,0.5245979679132977,2.3564944484836277
2020-02-21,0.5303265165737346,2.487695678143144
2020-02-24,0.5324508186763685,1.7179370901782878
2020-02-25,0.5234958815654366,1.1442368742565567
2020-02-26,0.5233818030535009,1.083989718566458
2020-02-27,0.5261114155048573,0.8624369897377202
2020-02-28,0.5380581964544612,0.8617120498893471
2020-03-02,0.5390743836136482,0.7183633564180893
2020-03-03,0.5573939473235604,0.8177775802109432
2020-03-04,0.5360176528728726,0.7202404175503762
2020-03-05,0.535335978007401,0.7256727092460541
2020-03-06,0.5414006752674081,0.748431464574739
2020-03-09,0.5558723397407433,0.7103397404767383
2020-03-10,0.5553666691221604,0.6433688957268462
2020-03-11,0.5718219044485221,0.6878781184123792
2020-03-12,0.6675820520722601,0.8585405166011022
2020-03-13,0.6738009061442721,0.7607931879531921
2020-03-16,0.8679639382893358,0.9984295700544924
2020-03-17,0.8979812138109519,1.0352765323718833
2020-03-18,0.8876211389508867,0.9973574656366239
2020-03-19,0.9492455665121038,1.0380709422990777
2020-03-20,0.9561148202900467,0.9795768039061998
2020-03-23,1.103229541066088,0.9301158099610937
2020-03-24,1.1178835621706258,0.9145643716315109
2020-03-25,1.1109256434867054,0.8943277354910514
2020-03-26,1.1165317053469832,0.7929320042859092
2020-03-27,1.1159717327794518,0.7903753684939264
2020-03-30,1.1105706737867613,0.8007548448146616
2020-03-31,1.1105673496299797,0.8028229506139197
2020-04-01,1.119024191830993,0.8126827740857108
2020-04-02,1.1193907573126007,0.8076359720559506
2020-04-03,1.1165247666329694,0.8067995215886846
2020-04-06,1.1595462485263992,0.8550297600683684
2020-04-07,1.1584132502761695,0.8681129128062485
2020-04-08,1.1513944177793811,0.8558803764960464
2020-04-09,1.1622941194798697,0.8751836467599297
2020-04-13,1.1658356930936096,0.871029628249606
2020-04-14,1.2054342164640275,0.9197557137163899
2020-04-15,1.2068224111400319,0.8887270552512577
2020-04-16,1.263094254505724,0.9215606079438955
2020-04-17,1.2593538137955318,0.900624803181945
2020-04-20,1.250967778111753,0.8853321715640787
2020-04-21,1.247996881537601,0.9024409427166037
2020-04-22,1.24970097633591,0.9248743276369918
2020-04-23,1.2270508325991072,0.897837881711956
2020-04-24,1.149062773477878,0.7904248724925855
2020-04-27,1.1493290889825023,0.8867106108264269
2020-04-28,0.9635056549431729,0.4739547901144185
2020-04-29,0.9450738492902856,0.3901586793568892
2020-04-30,0.9342369513921758,0.33867761058743795
2020-05-01,0.9333342565928562,0.4224698520590106
2020-05-04,0.9573992828454222,0.47933195263676526
2020-05-05,0.8356653551050365,0.7055329419236157
2020-05-06,0.8081091740219312,0.6125068312954853
2020-05-07,0.8244938498693156,0.6541457580537933
2020-05-08,0.845264572507304,0.9125833045028363
2020-05-11,0.8416528283111695,0.8847058992006817
2020-05-12,0.8550011803991878,0.9602018743906999
2020-05-13,0.8869341837466476,1.030371069468556
2020-05-14,0.8646485414422819,0.9400834542644803
2020-05-15,0.8736894324020266,0.9816068146531828
2020-05-18,0.8767483911566122,0.9932822278060596
2020-05-19,0.8442670088274413,0.8564663421507076
2020-05-20,0.8398273249724912,0.8303159894421424
2020-05-21,0.8440947086967503,0.9820273615012746
2020-05-22,0.8540111467739195,0.9372324314837482
2020-05-26,0.847445724483861,0.9782843793178566
2020-05-27,0.7952153546781661,0.6863265045368191
2020-05-28,0.7784765074768258,0.9210524187118696
2020-05-29,0.6694025163499358,0.8886791296616757
2020-06-01,0.6771224149809973,0.9957520443307806
2020-06-02,0.673090735562678,1.1364500141290481
2020-06-03,0.6810260891355583,0.9718722941101009
2020-06-04,0.6809407288353589,1.0565844051747455
2020-06-05,0.6822994048732349,1.0538491450639762
2020-06-08,0.725513974858315,1.148929096777898
2020-06-09,0.7190518474332122,1.0676243920978152
2020-06-10,0.6890097854042658,0.9437048644652231
2020-06-11,0.710195648919946,1.0115761757205182
2020-06-12,0.7094826759366631,1.0498398691976942
2020-06-15,0.6890003616907012,0.9373926414377448
2020-06-16,0.7333566353878677,1.1639391248905318
2020-06-17,0.7379541478562565,1.1925411813352937
2020-06-18,0.7773464678112911,1.2161992023673494
2020-06-19,0.7425017706760897,1.103672468133887
2020-06-22,0.7055162022455129,1.280559079803233
2020-06-23,0.6956262391545123,1.2866483092595626
2020-06-24,0.6944589223294916,1.259568632142043
2020-06-25,0.6566495962185405,1.114705065916112
2020-06-26,0.6566966232361315,1.0813438417772463
2020-06-29,0.6754290931991562,0.9769204975003424
2020-06-30,0.6613824930501562,0.904592684404079
2020-07-01,0.7203268640944614,0.9493229203830506
2020-07-02,0.7202311329365679,0.966293185977045
2020-07-06,0.7192513019535942,0.9619283536808029
2020-07-07,0.6990625900755058,0.9690013951055644
2020-07-08,0.6994607307378856,1.0134970123227183
2020-07-09,0.7671894998744793,0.9584289175408732
2020-07-10,0.7668949478711308,0.967244712096365
2020-07-13,0.7745670450524395,1.009418499499556
2020-07-14,0.7722715900659022,0.9825446666461851
2020-07-15,0.7682323823170536,1.0209765722818245
2020-07-16,0.7378436347861239,1.1665937868015692
2020-07-17,0.7469492909112538,1.1459989410650298
2020-07-20,0.7469499433896037,1.2347306909212798
2020-07-21,0.7183007264706927,1.1429262364798771
2020-07-22,0.7200093232422657,1.125294979941544
2020-07-23,0.723212845037654,1.1436701244356902
2020-07-24,0.6919023170973786,1.0678735398415
2020-07-27,0.6941112593979688,1.1232262405843687
2020-07-28,0.7134814856584567,1.2938222020005783
2020-07-29,0.6301752079026843,0.792186473950935
2020-07-30,0.622326934058557,0.7563165664689446
2020-07-31,0.5781467059297984,0.8158008270907577
2020-08-03,0.5883306128962794,0.8950483018504175
2020-08-04,0.5912303816758346,0.9082840929222481
2020-08-05,0.5887853008227917,0.9043140014289129
2020-08-06,0.6191295913126847,0.5581241440336714
2020-08-07,0.6193003361841776,0.5829195378404277
2020-08-10,0.6322949621406061,0.5788814939175765
2020-08-11,0.6070235824088539,1.2803042905079105
2020-08-12,0.6070527994283195,1.208393604446833
2020-08-13,0.5405047169924201,0.941910992435733
2020-08-14,0.5458918776358871,0.9881093342869062
2020-08-17,0.5432626863379679,0.9056803559658844
2020-08-18,0.5455867783949344,0.8543200806915496
2020-08-19,0.5455650845976845,0.8639050090982482
2020-08-20,0.4231592666613741,1.6115439838296055
2020-08-21,0.4191183595167625,1.5364451787566868
2020-08-24,0.413318572114678,1.4491215426907869
2020-08-25,0.41282752203175394,1.5011401884026025
2020-08-26,0.5209858063489929,2.0787459506387056
2020-08-27,0.5246435535605101,2.111616607653778
2020-08-28,0.5534504854249461,2.320605011022467
2020-08-31,0.5528902567639418,2.266370783854632
2020-09-01,0.5574719851079291,2.3459211422964934
2020-09-02,0.5569973255708789,2.0430065392807757
2020-09-03,0.5906089527760663,2.0109483229073977
2020-09-04,0.605410737640934,2.1866851398195397
2020-09-08,0.6007249653253898,1.4678076734991454
2020-09-09,0.5841118915604726,1.1876995621954332
2020-09-10,0.5835565099695795,1.135102557786235
2020-09-11,0.5882111153286036,1.1327250215262605
2020-09-14,0.5833783965161516,1.094510879921837
2020-09-15,0.6024322777081015,1.1018938867097696
2020-09-16,0.5975706735031623,1.0683219390819516
2020-09-17,0.604726065585149,1.140078098855346
2020-09-18,0.5727135462493902,1.3005634186626278
2020-09-21,0.7640922282804063,0.8307918880320343
2020-09-22,0.7534521010616085,0.8938066188905762
2020-09-23,0.7567090719285137,0.955962886312993
2020-09-24,0.7746208383551564,0.9684742131265167
2020-09-25,0.7750989408212827,0.9674182937962611
2020-09-28,0.7712486363161885,0.9579836670002344
2020-09-29,0.7696083926998377,0.9677526466814635
2020-09-30,0.7676215598453185,0.9414512392573811
2020-10-01,0.778267633797136,0.9795889507533904
2020-10-02,0.7791898352819405,0.9886029738292078
2020-10-05,0.7766234503400921,0.9796009878241454
2020-10-06,0.7770203898368035,0.9899395787464942
2020-10-07,0.7787278711552705,1.0263826888876673
2020-10-08,0.7314425298398004,0.9220322645501549
2020-10-09,0.7261480113375617,0.905873546919782
2020-10-12,0.704528515635563,0.7586520034159253
2020-10-13,0.7304455577759948,0.6805266547306328
2020-10-14,0.7342018699155298,0.685321313131569
2020-10-15,0.7412663836177662,0.7515330410251065
2020-10-16,0.7134399196864067,0.41672919056945135
2020-10-19,0.696963821521671,0.35212779233788355
2020-10-20,0.7016924576601459,0.42925757843660933
2020-10-21,0.6996517932396171,0.5599581198151737
2020-10-22,0.6976325206820164,0.47578079724604116
2020-10-23,0.6889876999147178,0.46512098733019214
2020-10-26,0.697622392117115,0.6180889844242662
2020-10-27,0.6792849763345611,0.5274121701751824
2020-10-28,0.6914885015148184,0.7057479047628118
2020-10-29,0.6812002434386195,0.6164587681043451
2020-10-30,0.7141643484408257,0.6902806026824031
2020-11-02,0.5094193810511531,1.1179177697242613
2020-11-03,0.507862625588777,0.964244020242738
2020-11-04,0.522701293186034,1.04930565727951
2020-11-05,0.5088327992511295,1.1133189191299744
2020-11-06,0.6113759516760892,1.0547925282715758
2020-11-09,0.7261055207055772,0.7578880173836655
2020-11-10,0.730945501838512,0.789170421527216
2020-11-11,0.7518313477036338,0.8558872558823082
2020-11-12,0.7350963698381713,0.8083885789871361
2020-11-13,0.7366381007593167,0.7484736905254918
2020-11-16,0.7365255475368375,0.7511944297105712
2020-11-17,0.7375444854401427,0.7551305548343649
2020-11-18,0.7354014653884978,0.7335075351109258
2020-11-19,0.7763849801038887,0.7209868331271364
2020-11-20,0.77920458889503,0.6894043899808302
2020-11-23,0.7879625761826219,0.8378543977125104
2020-11-24,0.7634525381306185,0.8519867430529641
2020-11-25,0.7593441336775344,0.8031218267188018
2020-11-27,0.7537655998389358,0.777422798896473
2020-11-30,0.7681608937786474,0.6834319461185492
2020-12-01,0.7751190908271741,0.5963959925171144
2020-12-02,0.7746853783624476,0.6084542762064402
2020-12-03,0.7758797106404814,0.6093692147887017
2020-12-04,0.7762802494016869,0.6355722408405164
2020-12-07,0.7762143454692926,0.6324818899604716
2020-12-08,0.7691864981801658,0.5075963810610398
2020-12-09,0.7680158829098807,0.5587737348727831
2020-12-10,0.7639601961503539,0.12364710400045341
2020-12-11,0.7640434430684065,0.13082520320889138
2020-12-14,0.7271414769758344,-0.2466821792515753
2020-12-15,0.7319990959330923,-0.3753213354632804
2020-12-16,0.7256615356307787,-0.20653658861832022
2020-12-17,0.7141713874133078,-0.6976881506489421
2020-12-18,0.7114485773702057,-1.1746918917211935
2020-12-21,0.6342266442158869,-1.1100799321470431
2020-12-22,0.48731865042797856,-0.22213367204871154
2020-12-23,0.4735213735675044,-0.28806164804074147
2020-12-24,0.4561712912050192,-0.5338182148838793
2020-12-28,0.4875344774606154,-0.9653050197423402
2020-12-29,0.4839185869425624,-0.7934418348773001
2020-12-30,0.4857631775494949,-0.9426580815524568
2020-12-31,0.4945767768307052,-1.033178375241551
