Date,Size,P/B RATIO
12/31/14,"47,086,470,000",2.503
1/1/15,"47,086,470,000",2.503
1/2/15,"47,086,470,000",2.503
1/5/15,"47,086,470,000",2.503
1/6/15,"47,086,470,000",2.503
1/7/15,"47,086,470,000",2.503
1/8/15,"47,086,470,000",2.503
1/9/15,"47,086,470,000",2.503
1/12/15,"47,086,470,000",2.503
1/13/15,"47,086,470,000",2.503
1/14/15,"47,086,470,000",2.503
1/15/15,"47,086,470,000",2.503
1/16/15,"47,086,470,000",2.503
1/19/15,"47,086,470,000",2.503
1/20/15,"47,086,470,000",2.503
1/21/15,"47,086,470,000",2.503
1/22/15,"47,086,470,000",2.503
1/23/15,"47,086,470,000",2.503
1/26/15,"47,086,470,000",2.503
1/27/15,"47,086,470,000",2.503
1/28/15,"47,086,470,000",2.503
1/29/15,"47,086,470,000",2.503
1/30/15,"47,086,470,000",2.503
2/2/15,"47,086,470,000",2.503
2/3/15,"47,086,470,000",2.503
2/4/15,"47,086,470,000",2.503
2/5/15,"47,086,470,000",2.503
2/6/15,"47,086,470,000",2.503
2/9/15,"47,086,470,000",2.503
2/10/15,"47,086,470,000",2.503
2/11/15,"47,086,470,000",2.503
2/12/15,"47,086,470,000",2.503
2/13/15,"47,086,470,000",2.503
2/16/15,"47,086,470,000",2.503
2/17/15,"47,086,470,000",2.503
2/18/15,"47,086,470,000",2.503
2/19/15,"47,086,470,000",2.503
2/20/15,"47,086,470,000",2.503
2/23/15,"47,086,470,000",2.503
2/24/15,"47,086,470,000",2.503
2/25/15,"47,086,470,000",2.503
2/26/15,"47,086,470,000",2.503
2/27/15,"47,086,470,000",2.503
3/2/15,"47,086,470,000",2.503
3/3/15,"47,086,470,000",2.503
3/4/15,"47,086,470,000",2.503
3/5/15,"47,086,470,000",2.503
3/6/15,"47,086,470,000",2.503
3/9/15,"47,086,470,000",2.503
3/10/15,"47,086,470,000",2.503
3/11/15,"47,086,470,000",2.503
3/12/15,"47,086,470,000",2.503
3/13/15,"47,086,470,000",2.503
3/16/15,"47,086,470,000",2.503
3/17/15,"47,086,470,000",2.503
3/18/15,"47,086,470,000",2.503
3/19/15,"47,086,470,000",2.503
3/20/15,"47,086,470,000",2.503
3/23/15,"47,086,470,000",2.503
3/24/15,"47,086,470,000",2.503
3/25/15,"47,086,470,000",2.503
3/26/15,"47,086,470,000",2.503
3/27/15,"47,086,470,000",2.503
3/30/15,"47,086,470,000",2.503
3/31/15,"47,086,470,000",2.503
4/1/15,"47,086,470,000",2.503
4/2/15,"47,086,470,000",2.503
4/3/15,"47,086,470,000",2.503
4/6/15,"47,086,470,000",2.503
4/7/15,"47,086,470,000",2.503
4/8/15,"47,086,470,000",2.503
4/9/15,"47,086,470,000",2.503
4/10/15,"47,086,470,000",2.503
4/13/15,"47,086,470,000",2.503
4/14/15,"47,086,470,000",2.503
4/15/15,"47,086,470,000",2.503
4/16/15,"47,086,470,000",2.503
4/17/15,"47,086,470,000",2.503
4/20/15,"47,086,470,000",2.503
4/21/15,"47,086,470,000",2.503
4/22/15,"47,086,470,000",2.503
4/23/15,"47,086,470,000",2.503
4/24/15,"47,086,470,000",2.503
4/27/15,"47,086,470,000",2.503
4/28/15,"47,086,470,000",2.503
4/29/15,"47,086,470,000",2.503
4/30/15,"47,086,470,000",2.503
5/1/15,"47,086,470,000",2.503
5/4/15,"47,086,470,000",2.503
5/5/15,"47,086,470,000",2.503
5/6/15,"47,086,470,000",2.503
5/7/15,"47,086,470,000",2.503
5/8/15,"47,086,470,000",2.503
5/11/15,"47,086,470,000",2.503
5/12/15,"47,086,470,000",2.503
5/13/15,"47,086,470,000",2.503
5/14/15,"47,086,470,000",2.503
5/15/15,"47,086,470,000",2.503
5/18/15,"47,086,470,000",2.503
5/19/15,"47,086,470,000",2.503
5/20/15,"47,086,470,000",2.503
5/21/15,"47,086,470,000",2.503
5/22/15,"47,086,470,000",2.503
5/25/15,"47,086,470,000",2.503
5/26/15,"47,086,470,000",2.503
5/27/15,"47,086,470,000",2.503
5/28/15,"47,086,470,000",2.503
5/29/15,"47,086,470,000",2.503
6/1/15,"47,086,470,000",2.503
6/2/15,"47,086,470,000",2.503
6/3/15,"47,086,470,000",2.503
6/4/15,"47,086,470,000",2.503
6/5/15,"47,086,470,000",2.503
6/8/15,"47,086,470,000",2.503
6/9/15,"47,086,470,000",2.503
6/10/15,"47,086,470,000",2.503
6/11/15,"47,086,470,000",2.503
6/12/15,"47,086,470,000",2.503
6/15/15,"47,086,470,000",2.503
6/16/15,"47,086,470,000",2.503
6/17/15,"47,086,470,000",2.503
6/18/15,"47,086,470,000",2.503
6/19/15,"47,086,470,000",2.503
6/22/15,"47,086,470,000",2.503
6/23/15,"47,086,470,000",2.503
6/24/15,"47,086,470,000",2.503
6/25/15,"47,086,470,000",2.503
6/26/15,"47,086,470,000",2.503
6/29/15,"47,086,470,000",2.503
6/30/15,"47,086,470,000",2.503
7/1/15,"47,086,470,000",2.503
7/2/15,"47,086,470,000",2.503
7/3/15,"47,086,470,000",2.503
7/6/15,"47,086,470,000",2.503
7/7/15,"47,086,470,000",2.503
7/8/15,"47,086,470,000",2.503
7/9/15,"47,086,470,000",2.503
7/10/15,"47,086,470,000",2.503
7/13/15,"47,086,470,000",2.503
7/14/15,"47,086,470,000",2.503
7/15/15,"47,086,470,000",2.503
7/16/15,"47,086,470,000",2.503
7/17/15,"47,086,470,000",2.503
7/20/15,"47,086,470,000",2.503
7/21/15,"47,086,470,000",2.503
7/22/15,"47,086,470,000",2.503
7/23/15,"47,086,470,000",2.503
7/24/15,"47,086,470,000",2.503
7/27/15,"47,086,470,000",2.503
7/28/15,"47,086,470,000",2.503
7/29/15,"47,086,470,000",2.503
7/30/15,"47,086,470,000",2.503
7/31/15,"47,086,470,000",2.503
8/3/15,"47,086,470,000",2.503
8/4/15,"47,086,470,000",2.503
8/5/15,"47,086,470,000",2.503
8/6/15,"47,086,470,000",2.503
8/7/15,"47,086,470,000",2.503
8/10/15,"47,086,470,000",2.503
8/11/15,"47,086,470,000",2.503
8/12/15,"47,086,470,000",2.503
8/13/15,"47,086,470,000",2.503
8/14/15,"47,086,470,000",2.503
8/17/15,"47,086,470,000",2.503
8/18/15,"47,086,470,000",2.503
8/19/15,"47,086,470,000",2.503
8/20/15,"47,086,470,000",2.503
8/21/15,"47,086,470,000",2.503
8/24/15,"47,086,470,000",2.503
8/25/15,"47,086,470,000",2.503
8/26/15,"47,086,470,000",2.503
8/27/15,"47,086,470,000",2.503
8/28/15,"47,086,470,000",2.503
8/31/15,"47,086,470,000",2.503
9/1/15,"47,086,470,000",2.503
9/2/15,"47,086,470,000",2.503
9/3/15,"47,086,470,000",2.503
9/4/15,"47,086,470,000",2.503
9/7/15,"47,086,470,000",2.503
9/8/15,"47,086,470,000",2.503
9/9/15,"47,086,470,000",2.503
9/10/15,"47,086,470,000",2.503
9/11/15,"47,086,470,000",2.503
9/14/15,"47,086,470,000",2.503
9/15/15,"47,086,470,000",2.503
9/16/15,"47,086,470,000",2.503
9/17/15,"47,086,470,000",2.503
9/18/15,"47,086,470,000",2.503
9/21/15,"47,086,470,000",2.503
9/22/15,"47,086,470,000",2.503
9/23/15,"47,086,470,000",2.503
9/24/15,"47,086,470,000",2.503
9/25/15,"47,086,470,000",2.503
9/28/15,"47,086,470,000",2.503
9/29/15,"47,086,470,000",2.503
9/30/15,"47,086,470,000",2.503
10/1/15,"47,086,470,000",2.503
10/2/15,"47,086,470,000",2.503
10/5/15,"47,086,470,000",2.503
10/6/15,"47,086,470,000",2.503
10/7/15,"47,086,470,000",2.503
10/8/15,"47,086,470,000",2.503
10/9/15,"47,086,470,000",2.503
10/12/15,"47,086,470,000",2.503
10/13/15,"47,086,470,000",2.503
10/14/15,"47,086,470,000",2.503
10/15/15,"47,086,470,000",2.503
10/16/15,"47,086,470,000",2.503
10/19/15,"47,086,470,000",2.503
10/20/15,"47,086,470,000",2.503
10/21/15,"47,086,470,000",2.503
10/22/15,"47,086,470,000",2.503
10/23/15,"47,086,470,000",2.503
10/26/15,"47,086,470,000",2.503
10/27/15,"47,086,470,000",2.503
10/28/15,"47,086,470,000",2.503
10/29/15,"47,086,470,000",2.503
10/30/15,"47,086,470,000",2.503
11/2/15,"47,086,470,000",2.503
11/3/15,"47,086,470,000",2.503
11/4/15,"47,086,470,000",2.503
11/5/15,"47,086,470,000",2.503
11/6/15,"47,086,470,000",2.503
11/9/15,"47,086,470,000",2.503
11/10/15,"47,086,470,000",2.503
11/11/15,"47,086,470,000",2.503
11/12/15,"47,086,470,000",2.503
11/13/15,"47,086,470,000",2.503
11/16/15,"47,086,470,000",2.503
11/17/15,"47,086,470,000",2.503
11/18/15,"47,086,470,000",2.503
11/19/15,"47,086,470,000",2.503
11/20/15,"47,086,470,000",2.503
11/23/15,"47,086,470,000",2.503
11/24/15,"47,086,470,000",2.503
11/25/15,"47,086,470,000",2.503
11/26/15,"47,086,470,000",2.503
11/27/15,"47,086,470,000",2.503
11/30/15,"47,086,470,000",2.503
12/1/15,"47,086,470,000",2.503
12/2/15,"47,086,470,000",2.503
12/3/15,"47,086,470,000",2.503
12/4/15,"47,086,470,000",2.503
12/7/15,"47,086,470,000",2.503
12/8/15,"47,086,470,000",2.503
12/9/15,"47,086,470,000",2.503
12/10/15,"47,086,470,000",2.503
12/11/15,"47,086,470,000",2.503
12/14/15,"47,086,470,000",2.503
12/15/15,"47,086,470,000",2.503
12/16/15,"47,086,470,000",2.503
12/17/15,"47,086,470,000",2.503
12/18/15,"47,086,470,000",2.503
12/21/15,"47,086,470,000",2.503
12/22/15,"47,086,470,000",2.503
12/23/15,"47,086,470,000",2.503
12/24/15,"47,086,470,000",2.503
12/25/15,"47,086,470,000",2.503
12/28/15,"47,086,470,000",2.503
12/29/15,"47,086,470,000",2.503
12/30/15,"47,086,470,000",2.503
12/31/15,"47,893,290,000",2.146
1/1/16,"47,893,290,000",2.146
1/4/16,"47,893,290,000",2.146
1/5/16,"47,893,290,000",2.146
1/6/16,"47,893,290,000",2.146
1/7/16,"47,893,290,000",2.146
1/8/16,"47,893,290,000",2.146
1/11/16,"47,893,290,000",2.146
1/12/16,"47,893,290,000",2.146
1/13/16,"47,893,290,000",2.146
1/14/16,"47,893,290,000",2.146
1/15/16,"47,893,290,000",2.146
1/18/16,"47,893,290,000",2.146
1/19/16,"47,893,290,000",2.146
1/20/16,"47,893,290,000",2.146
1/21/16,"47,893,290,000",2.146
1/22/16,"47,893,290,000",2.146
1/25/16,"47,893,290,000",2.146
1/26/16,"47,893,290,000",2.146
1/27/16,"47,893,290,000",2.146
1/28/16,"47,893,290,000",2.146
1/29/16,"47,893,290,000",2.146
2/1/16,"47,893,290,000",2.146
2/2/16,"47,893,290,000",2.146
2/3/16,"47,893,290,000",2.146
2/4/16,"47,893,290,000",2.146
2/5/16,"47,893,290,000",2.146
2/8/16,"47,893,290,000",2.146
2/9/16,"47,893,290,000",2.146
2/10/16,"47,893,290,000",2.146
2/11/16,"47,893,290,000",2.146
2/12/16,"47,893,290,000",2.146
2/15/16,"47,893,290,000",2.146
2/16/16,"47,893,290,000",2.146
2/17/16,"47,893,290,000",2.146
2/18/16,"47,893,290,000",2.146
2/19/16,"47,893,290,000",2.146
2/22/16,"47,893,290,000",2.146
2/23/16,"47,893,290,000",2.146
2/24/16,"47,893,290,000",2.146
2/25/16,"47,893,290,000",2.146
2/26/16,"47,893,290,000",2.146
2/29/16,"47,893,290,000",2.146
3/1/16,"47,893,290,000",2.146
3/2/16,"47,893,290,000",2.146
3/3/16,"47,893,290,000",2.146
3/4/16,"47,893,290,000",2.146
3/7/16,"47,893,290,000",2.146
3/8/16,"47,893,290,000",2.146
3/9/16,"47,893,290,000",2.146
3/10/16,"47,893,290,000",2.146
3/11/16,"47,893,290,000",2.146
3/14/16,"47,893,290,000",2.146
3/15/16,"47,893,290,000",2.146
3/16/16,"47,893,290,000",2.146
3/17/16,"47,893,290,000",2.146
3/18/16,"47,893,290,000",2.146
3/21/16,"47,893,290,000",2.146
3/22/16,"47,893,290,000",2.146
3/23/16,"47,893,290,000",2.146
3/24/16,"47,893,290,000",2.146
3/25/16,"47,893,290,000",2.146
3/28/16,"47,893,290,000",2.146
3/29/16,"47,893,290,000",2.146
3/30/16,"47,893,290,000",2.146
3/31/16,"47,893,290,000",2.146
4/1/16,"47,893,290,000",2.146
4/4/16,"47,893,290,000",2.146
4/5/16,"47,893,290,000",2.146
4/6/16,"47,893,290,000",2.146
4/7/16,"47,893,290,000",2.146
4/8/16,"47,893,290,000",2.146
4/11/16,"47,893,290,000",2.146
4/12/16,"47,893,290,000",2.146
4/13/16,"47,893,290,000",2.146
4/14/16,"47,893,290,000",2.146
4/15/16,"47,893,290,000",2.146
4/18/16,"47,893,290,000",2.146
4/19/16,"47,893,290,000",2.146
4/20/16,"47,893,290,000",2.146
4/21/16,"47,893,290,000",2.146
4/22/16,"47,893,290,000",2.146
4/25/16,"47,893,290,000",2.146
4/26/16,"47,893,290,000",2.146
4/27/16,"47,893,290,000",2.146
4/28/16,"47,893,290,000",2.146
4/29/16,"47,893,290,000",2.146
5/2/16,"47,893,290,000",2.146
5/3/16,"47,893,290,000",2.146
5/4/16,"47,893,290,000",2.146
5/5/16,"47,893,290,000",2.146
5/6/16,"47,893,290,000",2.146
5/9/16,"47,893,290,000",2.146
5/10/16,"47,893,290,000",2.146
5/11/16,"47,893,290,000",2.146
5/12/16,"47,893,290,000",2.146
5/13/16,"47,893,290,000",2.146
5/16/16,"47,893,290,000",2.146
5/17/16,"47,893,290,000",2.146
5/18/16,"47,893,290,000",2.146
5/19/16,"47,893,290,000",2.146
5/20/16,"47,893,290,000",2.146
5/23/16,"47,893,290,000",2.146
5/24/16,"47,893,290,000",2.146
5/25/16,"47,893,290,000",2.146
5/26/16,"47,893,290,000",2.146
5/27/16,"47,893,290,000",2.146
5/30/16,"47,893,290,000",2.146
5/31/16,"47,893,290,000",2.146
6/1/16,"47,893,290,000",2.146
6/2/16,"47,893,290,000",2.146
6/3/16,"47,893,290,000",2.146
6/6/16,"47,893,290,000",2.146
6/7/16,"47,893,290,000",2.146
6/8/16,"47,893,290,000",2.146
6/9/16,"47,893,290,000",2.146
6/10/16,"47,893,290,000",2.146
6/13/16,"47,893,290,000",2.146
6/14/16,"47,893,290,000",2.146
6/15/16,"47,893,290,000",2.146
6/16/16,"47,893,290,000",2.146
6/17/16,"47,893,290,000",2.146
6/20/16,"47,893,290,000",2.146
6/21/16,"47,893,290,000",2.146
6/22/16,"47,893,290,000",2.146
6/23/16,"47,893,290,000",2.146
6/24/16,"47,893,290,000",2.146
6/27/16,"47,893,290,000",2.146
6/28/16,"47,893,290,000",2.146
6/29/16,"47,893,290,000",2.146
6/30/16,"47,893,290,000",2.146
7/1/16,"47,893,290,000",2.146
7/4/16,"47,893,290,000",2.146
7/5/16,"47,893,290,000",2.146
7/6/16,"47,893,290,000",2.146
7/7/16,"47,893,290,000",2.146
7/8/16,"47,893,290,000",2.146
7/11/16,"47,893,290,000",2.146
7/12/16,"47,893,290,000",2.146
7/13/16,"47,893,290,000",2.146
7/14/16,"47,893,290,000",2.146
7/15/16,"47,893,290,000",2.146
7/18/16,"47,893,290,000",2.146
7/19/16,"47,893,290,000",2.146
7/20/16,"47,893,290,000",2.146
7/21/16,"47,893,290,000",2.146
7/22/16,"47,893,290,000",2.146
7/25/16,"47,893,290,000",2.146
7/26/16,"47,893,290,000",2.146
7/27/16,"47,893,290,000",2.146
7/28/16,"47,893,290,000",2.146
7/29/16,"47,893,290,000",2.146
8/1/16,"47,893,290,000",2.146
8/2/16,"47,893,290,000",2.146
8/3/16,"47,893,290,000",2.146
8/4/16,"47,893,290,000",2.146
8/5/16,"47,893,290,000",2.146
8/8/16,"47,893,290,000",2.146
8/9/16,"47,893,290,000",2.146
8/10/16,"47,893,290,000",2.146
8/11/16,"47,893,290,000",2.146
8/12/16,"47,893,290,000",2.146
8/15/16,"47,893,290,000",2.146
8/16/16,"47,893,290,000",2.146
8/17/16,"47,893,290,000",2.146
8/18/16,"47,893,290,000",2.146
8/19/16,"47,893,290,000",2.146
8/22/16,"47,893,290,000",2.146
8/23/16,"47,893,290,000",2.146
8/24/16,"47,893,290,000",2.146
8/25/16,"47,893,290,000",2.146
8/26/16,"47,893,290,000",2.146
8/29/16,"47,893,290,000",2.146
8/30/16,"47,893,290,000",2.146
8/31/16,"47,893,290,000",2.146
9/1/16,"47,893,290,000",2.146
9/2/16,"47,893,290,000",2.146
9/5/16,"47,893,290,000",2.146
9/6/16,"47,893,290,000",2.146
9/7/16,"47,893,290,000",2.146
9/8/16,"47,893,290,000",2.146
9/9/16,"47,893,290,000",2.146
9/12/16,"47,893,290,000",2.146
9/13/16,"47,893,290,000",2.146
9/14/16,"47,893,290,000",2.146
9/15/16,"47,893,290,000",2.146
9/16/16,"47,893,290,000",2.146
9/19/16,"47,893,290,000",2.146
9/20/16,"47,893,290,000",2.146
9/21/16,"47,893,290,000",2.146
9/22/16,"47,893,290,000",2.146
9/23/16,"47,893,290,000",2.146
9/26/16,"47,893,290,000",2.146
9/27/16,"47,893,290,000",2.146
9/28/16,"47,893,290,000",2.146
9/29/16,"47,893,290,000",2.146
9/30/16,"47,893,290,000",2.146
10/3/16,"47,893,290,000",2.146
10/4/16,"47,893,290,000",2.146
10/5/16,"47,893,290,000",2.146
10/6/16,"47,893,290,000",2.146
10/7/16,"47,893,290,000",2.146
10/10/16,"47,893,290,000",2.146
10/11/16,"47,893,290,000",2.146
10/12/16,"47,893,290,000",2.146
10/13/16,"47,893,290,000",2.146
10/14/16,"47,893,290,000",2.146
10/17/16,"47,893,290,000",2.146
10/18/16,"47,893,290,000",2.146
10/19/16,"47,893,290,000",2.146
10/20/16,"47,893,290,000",2.146
10/21/16,"47,893,290,000",2.146
10/24/16,"47,893,290,000",2.146
10/25/16,"47,893,290,000",2.146
10/26/16,"47,893,290,000",2.146
10/27/16,"47,893,290,000",2.146
10/28/16,"47,893,290,000",2.146
10/31/16,"47,893,290,000",2.146
11/1/16,"47,893,290,000",2.146
11/2/16,"47,893,290,000",2.146
11/3/16,"47,893,290,000",2.146
11/4/16,"47,893,290,000",2.146
11/7/16,"47,893,290,000",2.146
11/8/16,"47,893,290,000",2.146
11/9/16,"47,893,290,000",2.146
11/10/16,"47,893,290,000",2.146
11/11/16,"47,893,290,000",2.146
11/14/16,"47,893,290,000",2.146
11/15/16,"47,893,290,000",2.146
11/16/16,"47,893,290,000",2.146
11/17/16,"47,893,290,000",2.146
11/18/16,"47,893,290,000",2.146
11/21/16,"47,893,290,000",2.146
11/22/16,"47,893,290,000",2.146
11/23/16,"47,893,290,000",2.146
11/24/16,"47,893,290,000",2.146
11/25/16,"47,893,290,000",2.146
11/28/16,"47,893,290,000",2.146
11/29/16,"47,893,290,000",2.146
11/30/16,"47,893,290,000",2.146
12/1/16,"47,893,290,000",2.146
12/2/16,"47,893,290,000",2.146
12/5/16,"47,893,290,000",2.146
12/6/16,"47,893,290,000",2.146
12/7/16,"47,893,290,000",2.146
12/8/16,"47,893,290,000",2.146
12/9/16,"47,893,290,000",2.146
12/12/16,"47,893,290,000",2.146
12/13/16,"47,893,290,000",2.146
12/14/16,"47,893,290,000",2.146
12/15/16,"47,893,290,000",2.146
12/16/16,"47,893,290,000",2.146
12/19/16,"47,893,290,000",2.146
12/20/16,"47,893,290,000",2.146
12/21/16,"47,893,290,000",2.146
12/22/16,"47,893,290,000",2.146
12/23/16,"47,893,290,000",2.146
12/26/16,"47,893,290,000",2.146
12/27/16,"47,893,290,000",2.146
12/28/16,"47,893,290,000",2.146
12/29/16,"47,893,290,000",2.146
12/30/16,"47,893,290,000",2.146
1/2/17,"55,819,832,532",2.339
1/3/17,"55,819,832,532",2.339
1/4/17,"55,819,832,532",2.339
1/5/17,"55,819,832,532",2.339
1/6/17,"55,819,832,532",2.339
1/9/17,"55,819,832,532",2.339
1/10/17,"55,819,832,532",2.339
1/11/17,"55,819,832,532",2.339
1/12/17,"55,819,832,532",2.339
1/13/17,"55,819,832,532",2.339
1/16/17,"55,819,832,532",2.339
1/17/17,"55,819,832,532",2.339
1/18/17,"55,819,832,532",2.339
1/19/17,"55,819,832,532",2.339
1/20/17,"55,819,832,532",2.339
1/23/17,"55,819,832,532",2.339
1/24/17,"55,819,832,532",2.339
1/25/17,"55,819,832,532",2.339
1/26/17,"55,819,832,532",2.339
1/27/17,"55,819,832,532",2.339
1/30/17,"55,819,832,532",2.339
1/31/17,"55,819,832,532",2.339
2/1/17,"55,819,832,532",2.339
2/2/17,"55,819,832,532",2.339
2/3/17,"55,819,832,532",2.339
2/6/17,"55,819,832,532",2.339
2/7/17,"55,819,832,532",2.339
2/8/17,"55,819,832,532",2.339
2/9/17,"55,819,832,532",2.339
2/10/17,"55,819,832,532",2.339
2/13/17,"55,819,832,532",2.339
2/14/17,"55,819,832,532",2.339
2/15/17,"55,819,832,532",2.339
2/16/17,"55,819,832,532",2.339
2/17/17,"55,819,832,532",2.339
2/20/17,"55,819,832,532",2.339
2/21/17,"55,819,832,532",2.339
2/22/17,"55,819,832,532",2.339
2/23/17,"55,819,832,532",2.339
2/24/17,"55,819,832,532",2.339
2/27/17,"55,819,832,532",2.339
2/28/17,"55,819,832,532",2.339
3/1/17,"55,819,832,532",2.339
3/2/17,"55,819,832,532",2.339
3/3/17,"55,819,832,532",2.339
3/6/17,"55,819,832,532",2.339
3/7/17,"55,819,832,532",2.339
3/8/17,"55,819,832,532",2.339
3/9/17,"55,819,832,532",2.339
3/10/17,"55,819,832,532",2.339
3/13/17,"55,819,832,532",2.339
3/14/17,"55,819,832,532",2.339
3/15/17,"55,819,832,532",2.339
3/16/17,"55,819,832,532",2.339
3/17/17,"55,819,832,532",2.339
3/20/17,"55,819,832,532",2.339
3/21/17,"55,819,832,532",2.339
3/22/17,"55,819,832,532",2.339
3/23/17,"55,819,832,532",2.339
3/24/17,"55,819,832,532",2.339
3/27/17,"55,819,832,532",2.339
3/28/17,"55,819,832,532",2.339
3/29/17,"55,819,832,532",2.339
3/30/17,"55,819,832,532",2.339
3/31/17,"55,819,832,532",2.339
4/3/17,"55,819,832,532",2.339
4/4/17,"55,819,832,532",2.339
4/5/17,"55,819,832,532",2.339
4/6/17,"55,819,832,532",2.339
4/7/17,"55,819,832,532",2.339
4/10/17,"55,819,832,532",2.339
4/11/17,"55,819,832,532",2.339
4/12/17,"55,819,832,532",2.339
4/13/17,"55,819,832,532",2.339
4/14/17,"55,819,832,532",2.339
4/17/17,"55,819,832,532",2.339
4/18/17,"55,819,832,532",2.339
4/19/17,"55,819,832,532",2.339
4/20/17,"55,819,832,532",2.339
4/21/17,"55,819,832,532",2.339
4/24/17,"55,819,832,532",2.339
4/25/17,"55,819,832,532",2.339
4/26/17,"55,819,832,532",2.339
4/27/17,"55,819,832,532",2.339
4/28/17,"55,819,832,532",2.339
5/1/17,"55,819,832,532",2.339
5/2/17,"55,819,832,532",2.339
5/3/17,"55,819,832,532",2.339
5/4/17,"55,819,832,532",2.339
5/5/17,"55,819,832,532",2.339
5/8/17,"55,819,832,532",2.339
5/9/17,"55,819,832,532",2.339
5/10/17,"55,819,832,532",2.339
5/11/17,"55,819,832,532",2.339
5/12/17,"55,819,832,532",2.339
5/15/17,"55,819,832,532",2.339
5/16/17,"55,819,832,532",2.339
5/17/17,"55,819,832,532",2.339
5/18/17,"55,819,832,532",2.339
5/19/17,"55,819,832,532",2.339
5/22/17,"55,819,832,532",2.339
5/23/17,"55,819,832,532",2.339
5/24/17,"55,819,832,532",2.339
5/25/17,"55,819,832,532",2.339
5/26/17,"55,819,832,532",2.339
5/29/17,"55,819,832,532",2.339
5/30/17,"55,819,832,532",2.339
5/31/17,"55,819,832,532",2.339
6/1/17,"55,819,832,532",2.339
6/2/17,"55,819,832,532",2.339
6/5/17,"55,819,832,532",2.339
6/6/17,"55,819,832,532",2.339
6/7/17,"55,819,832,532",2.339
6/8/17,"55,819,832,532",2.339
6/9/17,"55,819,832,532",2.339
6/12/17,"55,819,832,532",2.339
6/13/17,"55,819,832,532",2.339
6/14/17,"55,819,832,532",2.339
6/15/17,"55,819,832,532",2.339
6/16/17,"55,819,832,532",2.339
6/19/17,"55,819,832,532",2.339
6/20/17,"55,819,832,532",2.339
6/21/17,"55,819,832,532",2.339
6/22/17,"55,819,832,532",2.339
6/23/17,"55,819,832,532",2.339
6/26/17,"55,819,832,532",2.339
6/27/17,"55,819,832,532",2.339
6/28/17,"55,819,832,532",2.339
6/29/17,"55,819,832,532",2.339
6/30/17,"55,819,832,532",2.339
7/3/17,"55,819,832,532",2.339
7/4/17,"55,819,832,532",2.339
7/5/17,"55,819,832,532",2.339
7/6/17,"55,819,832,532",2.339
7/7/17,"55,819,832,532",2.339
7/10/17,"55,819,832,532",2.339
7/11/17,"55,819,832,532",2.339
7/12/17,"55,819,832,532",2.339
7/13/17,"55,819,832,532",2.339
7/14/17,"55,819,832,532",2.339
7/17/17,"55,819,832,532",2.339
7/18/17,"55,819,832,532",2.339
7/19/17,"55,819,832,532",2.339
7/20/17,"55,819,832,532",2.339
7/21/17,"55,819,832,532",2.339
7/24/17,"55,819,832,532",2.339
7/25/17,"55,819,832,532",2.339
7/26/17,"55,819,832,532",2.339
7/27/17,"55,819,832,532",2.339
7/28/17,"55,819,832,532",2.339
7/31/17,"55,819,832,532",2.339
8/1/17,"55,819,832,532",2.339
8/2/17,"55,819,832,532",2.339
8/3/17,"55,819,832,532",2.339
8/4/17,"55,819,832,532",2.339
8/7/17,"55,819,832,532",2.339
8/8/17,"55,819,832,532",2.339
8/9/17,"55,819,832,532",2.339
8/10/17,"55,819,832,532",2.339
8/11/17,"55,819,832,532",2.339
8/14/17,"55,819,832,532",2.339
8/15/17,"55,819,832,532",2.339
8/16/17,"55,819,832,532",2.339
8/17/17,"55,819,832,532",2.339
8/18/17,"55,819,832,532",2.339
8/21/17,"55,819,832,532",2.339
8/22/17,"55,819,832,532",2.339
8/23/17,"55,819,832,532",2.339
8/24/17,"55,819,832,532",2.339
8/25/17,"55,819,832,532",2.339
8/28/17,"55,819,832,532",2.339
8/29/17,"55,819,832,532",2.339
8/30/17,"55,819,832,532",2.339
8/31/17,"55,819,832,532",2.339
9/1/17,"55,819,832,532",2.339
9/4/17,"55,819,832,532",2.339
9/5/17,"55,819,832,532",2.339
9/6/17,"55,819,832,532",2.339
9/7/17,"55,819,832,532",2.339
9/8/17,"55,819,832,532",2.339
9/11/17,"55,819,832,532",2.339
9/12/17,"55,819,832,532",2.339
9/13/17,"55,819,832,532",2.339
9/14/17,"55,819,832,532",2.339
9/15/17,"55,819,832,532",2.339
9/18/17,"55,819,832,532",2.339
9/19/17,"55,819,832,532",2.339
9/20/17,"55,819,832,532",2.339
9/21/17,"55,819,832,532",2.339
9/22/17,"55,819,832,532",2.339
9/25/17,"55,819,832,532",2.339
9/26/17,"55,819,832,532",2.339
9/27/17,"55,819,832,532",2.339
9/28/17,"55,819,832,532",2.339
9/29/17,"55,819,832,532",2.339
10/2/17,"55,819,832,532",2.339
10/3/17,"55,819,832,532",2.339
10/4/17,"55,819,832,532",2.339
10/5/17,"55,819,832,532",2.339
10/6/17,"55,819,832,532",2.339
10/9/17,"55,819,832,532",2.339
10/10/17,"55,819,832,532",2.339
10/11/17,"55,819,832,532",2.339
10/12/17,"55,819,832,532",2.339
10/13/17,"55,819,832,532",2.339
10/16/17,"55,819,832,532",2.339
10/17/17,"55,819,832,532",2.339
10/18/17,"55,819,832,532",2.339
10/19/17,"55,819,832,532",2.339
10/20/17,"55,819,832,532",2.339
10/23/17,"55,819,832,532",2.339
10/24/17,"55,819,832,532",2.339
10/25/17,"55,819,832,532",2.339
10/26/17,"55,819,832,532",2.339
10/27/17,"55,819,832,532",2.339
10/30/17,"55,819,832,532",2.339
10/31/17,"55,819,832,532",2.339
11/1/17,"55,819,832,532",2.339
11/2/17,"55,819,832,532",2.339
11/3/17,"55,819,832,532",2.339
11/6/17,"55,819,832,532",2.339
11/7/17,"55,819,832,532",2.339
11/8/17,"55,819,832,532",2.339
11/9/17,"55,819,832,532",2.339
11/10/17,"55,819,832,532",2.339
11/13/17,"55,819,832,532",2.339
11/14/17,"55,819,832,532",2.339
11/15/17,"55,819,832,532",2.339
11/16/17,"55,819,832,532",2.339
11/17/17,"55,819,832,532",2.339
11/20/17,"55,819,832,532",2.339
11/21/17,"55,819,832,532",2.339
11/22/17,"55,819,832,532",2.339
11/23/17,"55,819,832,532",2.339
11/24/17,"55,819,832,532",2.339
11/27/17,"55,819,832,532",2.339
11/28/17,"55,819,832,532",2.339
11/29/17,"55,819,832,532",2.339
11/30/17,"55,819,832,532",2.339
12/1/17,"55,819,832,532",2.339
12/4/17,"55,819,832,532",2.339
12/5/17,"55,819,832,532",2.339
12/6/17,"55,819,832,532",2.339
12/7/17,"55,819,832,532",2.339
12/8/17,"55,819,832,532",2.339
12/11/17,"55,819,832,532",2.339
12/12/17,"55,819,832,532",2.339
12/13/17,"55,819,832,532",2.339
12/14/17,"55,819,832,532",2.339
12/15/17,"55,819,832,532",2.339
12/18/17,"55,819,832,532",2.339
12/19/17,"55,819,832,532",2.339
12/20/17,"55,819,832,532",2.339
12/21/17,"55,819,832,532",2.339
12/22/17,"55,819,832,532",2.339
12/25/17,"55,819,832,532",2.339
12/26/17,"55,819,832,532",2.339
12/27/17,"55,819,832,532",2.339
12/28/17,"55,819,832,532",2.339
12/29/17,"55,819,832,532",2.339
1/1/18,"73,471,398,176",2.787
1/2/18,"73,471,398,176",2.787
1/3/18,"73,471,398,176",2.787
1/4/18,"73,471,398,176",2.787
1/5/18,"73,471,398,176",2.787
1/8/18,"73,471,398,176",2.787
1/9/18,"73,471,398,176",2.787
1/10/18,"73,471,398,176",2.787
1/11/18,"73,471,398,176",2.787
1/12/18,"73,471,398,176",2.787
1/15/18,"73,471,398,176",2.787
1/16/18,"73,471,398,176",2.787
1/17/18,"73,471,398,176",2.787
1/18/18,"73,471,398,176",2.787
1/19/18,"73,471,398,176",2.787
1/22/18,"73,471,398,176",2.787
1/23/18,"73,471,398,176",2.787
1/24/18,"73,471,398,176",2.787
1/25/18,"73,471,398,176",2.787
1/26/18,"73,471,398,176",2.787
1/29/18,"73,471,398,176",2.787
1/30/18,"73,471,398,176",2.787
1/31/18,"73,471,398,176",2.787
2/1/18,"73,471,398,176",2.787
2/2/18,"73,471,398,176",2.787
2/5/18,"73,471,398,176",2.787
2/6/18,"73,471,398,176",2.787
2/7/18,"73,471,398,176",2.787
2/8/18,"73,471,398,176",2.787
2/9/18,"73,471,398,176",2.787
2/12/18,"73,471,398,176",2.787
2/13/18,"73,471,398,176",2.787
2/14/18,"73,471,398,176",2.787
2/15/18,"73,471,398,176",2.787
2/16/18,"73,471,398,176",2.787
2/19/18,"73,471,398,176",2.787
2/20/18,"73,471,398,176",2.787
2/21/18,"73,471,398,176",2.787
2/22/18,"73,471,398,176",2.787
2/23/18,"73,471,398,176",2.787
2/26/18,"73,471,398,176",2.787
2/27/18,"73,471,398,176",2.787
2/28/18,"73,471,398,176",2.787
3/1/18,"73,471,398,176",2.787
3/2/18,"73,471,398,176",2.787
3/5/18,"73,471,398,176",2.787
3/6/18,"73,471,398,176",2.787
3/7/18,"73,471,398,176",2.787
3/8/18,"73,471,398,176",2.787
3/9/18,"73,471,398,176",2.787
3/12/18,"73,471,398,176",2.787
3/13/18,"73,471,398,176",2.787
3/14/18,"73,471,398,176",2.787
3/15/18,"73,471,398,176",2.787
3/16/18,"73,471,398,176",2.787
3/19/18,"73,471,398,176",2.787
3/20/18,"73,471,398,176",2.787
3/21/18,"73,471,398,176",2.787
3/22/18,"73,471,398,176",2.787
3/23/18,"73,471,398,176",2.787
3/26/18,"73,471,398,176",2.787
3/27/18,"73,471,398,176",2.787
3/28/18,"73,471,398,176",2.787
3/29/18,"73,471,398,176",2.787
3/30/18,"73,471,398,176",2.787
4/2/18,"73,471,398,176",2.787
4/3/18,"73,471,398,176",2.787
4/4/18,"73,471,398,176",2.787
4/5/18,"73,471,398,176",2.787
4/6/18,"73,471,398,176",2.787
4/9/18,"73,471,398,176",2.787
4/10/18,"73,471,398,176",2.787
4/11/18,"73,471,398,176",2.787
4/12/18,"73,471,398,176",2.787
4/13/18,"73,471,398,176",2.787
4/16/18,"73,471,398,176",2.787
4/17/18,"73,471,398,176",2.787
4/18/18,"73,471,398,176",2.787
4/19/18,"73,471,398,176",2.787
4/20/18,"73,471,398,176",2.787
4/23/18,"73,471,398,176",2.787
4/24/18,"73,471,398,176",2.787
4/25/18,"73,471,398,176",2.787
4/26/18,"73,471,398,176",2.787
4/27/18,"73,471,398,176",2.787
4/30/18,"73,471,398,176",2.787
5/1/18,"73,471,398,176",2.787
5/2/18,"73,471,398,176",2.787
5/3/18,"73,471,398,176",2.787
5/4/18,"73,471,398,176",2.787
5/7/18,"73,471,398,176",2.787
5/8/18,"73,471,398,176",2.787
5/9/18,"73,471,398,176",2.787
5/10/18,"73,471,398,176",2.787
5/11/18,"73,471,398,176",2.787
5/14/18,"73,471,398,176",2.787
5/15/18,"73,471,398,176",2.787
5/16/18,"73,471,398,176",2.787
5/17/18,"73,471,398,176",2.787
5/18/18,"73,471,398,176",2.787
5/21/18,"73,471,398,176",2.787
5/22/18,"73,471,398,176",2.787
5/23/18,"73,471,398,176",2.787
5/24/18,"73,471,398,176",2.787
5/25/18,"73,471,398,176",2.787
5/28/18,"73,471,398,176",2.787
5/29/18,"73,471,398,176",2.787
5/30/18,"73,471,398,176",2.787
5/31/18,"73,471,398,176",2.787
6/1/18,"73,471,398,176",2.787
6/4/18,"73,471,398,176",2.787
6/5/18,"73,471,398,176",2.787
6/6/18,"73,471,398,176",2.787
6/7/18,"73,471,398,176",2.787
6/8/18,"73,471,398,176",2.787
6/11/18,"73,471,398,176",2.787
6/12/18,"73,471,398,176",2.787
6/13/18,"73,471,398,176",2.787
6/14/18,"73,471,398,176",2.787
6/15/18,"73,471,398,176",2.787
6/18/18,"73,471,398,176",2.787
6/19/18,"73,471,398,176",2.787
6/20/18,"73,471,398,176",2.787
6/21/18,"73,471,398,176",2.787
6/22/18,"73,471,398,176",2.787
6/25/18,"73,471,398,176",2.787
6/26/18,"73,471,398,176",2.787
6/27/18,"73,471,398,176",2.787
6/28/18,"73,471,398,176",2.787
6/29/18,"73,471,398,176",2.787
7/2/18,"73,471,398,176",2.787
7/3/18,"73,471,398,176",2.787
7/4/18,"73,471,398,176",2.787
7/5/18,"73,471,398,176",2.787
7/6/18,"73,471,398,176",2.787
7/9/18,"73,471,398,176",2.787
7/10/18,"73,471,398,176",2.787
7/11/18,"73,471,398,176",2.787
7/12/18,"73,471,398,176",2.787
7/13/18,"73,471,398,176",2.787
7/16/18,"73,471,398,176",2.787
7/17/18,"73,471,398,176",2.787
7/18/18,"73,471,398,176",2.787
7/19/18,"73,471,398,176",2.787
7/20/18,"73,471,398,176",2.787
7/23/18,"73,471,398,176",2.787
7/24/18,"73,471,398,176",2.787
7/25/18,"73,471,398,176",2.787
7/26/18,"73,471,398,176",2.787
7/27/18,"73,471,398,176",2.787
7/30/18,"73,471,398,176",2.787
7/31/18,"73,471,398,176",2.787
8/1/18,"73,471,398,176",2.787
8/2/18,"73,471,398,176",2.787
8/3/18,"73,471,398,176",2.787
8/6/18,"73,471,398,176",2.787
8/7/18,"73,471,398,176",2.787
8/8/18,"73,471,398,176",2.787
8/9/18,"73,471,398,176",2.787
8/10/18,"73,471,398,176",2.787
8/13/18,"73,471,398,176",2.787
8/14/18,"73,471,398,176",2.787
8/15/18,"73,471,398,176",2.787
8/16/18,"73,471,398,176",2.787
8/17/18,"73,471,398,176",2.787
8/20/18,"73,471,398,176",2.787
8/21/18,"73,471,398,176",2.787
8/22/18,"73,471,398,176",2.787
8/23/18,"73,471,398,176",2.787
8/24/18,"73,471,398,176",2.787
8/27/18,"73,471,398,176",2.787
8/28/18,"73,471,398,176",2.787
8/29/18,"73,471,398,176",2.787
8/30/18,"73,471,398,176",2.787
8/31/18,"73,471,398,176",2.787
9/3/18,"73,471,398,176",2.787
9/4/18,"73,471,398,176",2.787
9/5/18,"73,471,398,176",2.787
9/6/18,"73,471,398,176",2.787
9/7/18,"73,471,398,176",2.787
9/10/18,"73,471,398,176",2.787
9/11/18,"73,471,398,176",2.787
9/12/18,"73,471,398,176",2.787
9/13/18,"73,471,398,176",2.787
9/14/18,"73,471,398,176",2.787
9/17/18,"73,471,398,176",2.787
9/18/18,"73,471,398,176",2.787
9/19/18,"73,471,398,176",2.787
9/20/18,"73,471,398,176",2.787
9/21/18,"73,471,398,176",2.787
9/24/18,"73,471,398,176",2.787
9/25/18,"73,471,398,176",2.787
9/26/18,"73,471,398,176",2.787
9/27/18,"73,471,398,176",2.787
9/28/18,"73,471,398,176",2.787
10/1/18,"73,471,398,176",2.787
10/2/18,"73,471,398,176",2.787
10/3/18,"73,471,398,176",2.787
10/4/18,"73,471,398,176",2.787
10/5/18,"73,471,398,176",2.787
10/8/18,"73,471,398,176",2.787
10/9/18,"73,471,398,176",2.787
10/10/18,"73,471,398,176",2.787
10/11/18,"73,471,398,176",2.787
10/12/18,"73,471,398,176",2.787
10/15/18,"73,471,398,176",2.787
10/16/18,"73,471,398,176",2.787
10/17/18,"73,471,398,176",2.787
10/18/18,"73,471,398,176",2.787
10/19/18,"73,471,398,176",2.787
10/22/18,"73,471,398,176",2.787
10/23/18,"73,471,398,176",2.787
10/24/18,"73,471,398,176",2.787
10/25/18,"73,471,398,176",2.787
10/26/18,"73,471,398,176",2.787
10/29/18,"73,471,398,176",2.787
10/30/18,"73,471,398,176",2.787
10/31/18,"73,471,398,176",2.787
11/1/18,"73,471,398,176",2.787
11/2/18,"73,471,398,176",2.787
11/5/18,"73,471,398,176",2.787
11/6/18,"73,471,398,176",2.787
11/7/18,"73,471,398,176",2.787
11/8/18,"73,471,398,176",2.787
11/9/18,"73,471,398,176",2.787
11/12/18,"73,471,398,176",2.787
11/13/18,"73,471,398,176",2.787
11/14/18,"73,471,398,176",2.787
11/15/18,"73,471,398,176",2.787
11/16/18,"73,471,398,176",2.787
11/19/18,"73,471,398,176",2.787
11/20/18,"73,471,398,176",2.787
11/21/18,"73,471,398,176",2.787
11/22/18,"73,471,398,176",2.787
11/23/18,"73,471,398,176",2.787
11/26/18,"73,471,398,176",2.787
11/27/18,"73,471,398,176",2.787
11/28/18,"73,471,398,176",2.787
11/29/18,"73,471,398,176",2.787
11/30/18,"73,471,398,176",2.787
12/3/18,"73,471,398,176",2.787
12/4/18,"73,471,398,176",2.787
12/5/18,"73,471,398,176",2.787
12/6/18,"73,471,398,176",2.787
12/7/18,"73,471,398,176",2.787
12/10/18,"73,471,398,176",2.787
12/11/18,"73,471,398,176",2.787
12/12/18,"73,471,398,176",2.787
12/13/18,"73,471,398,176",2.787
12/14/18,"73,471,398,176",2.787
12/17/18,"73,471,398,176",2.787
12/18/18,"73,471,398,176",2.787
12/19/18,"73,471,398,176",2.787
12/20/18,"73,471,398,176",2.787
12/21/18,"73,471,398,176",2.787
12/24/18,"73,471,398,176",2.787
12/25/18,"73,471,398,176",2.787
12/26/18,"73,471,398,176",2.787
12/27/18,"73,471,398,176",2.787
12/28/18,"73,471,398,176",2.787
12/31/18,"83,085,960,000",2.426
1/1/19,"83,085,960,000",2.426
1/2/19,"83,085,960,000",2.426
1/3/19,"83,085,960,000",2.426
1/4/19,"83,085,960,000",2.426
1/7/19,"83,085,960,000",2.426
1/8/19,"83,085,960,000",2.426
1/9/19,"83,085,960,000",2.426
1/10/19,"83,085,960,000",2.426
1/11/19,"83,085,960,000",2.426
1/14/19,"83,085,960,000",2.426
1/15/19,"83,085,960,000",2.426
1/16/19,"83,085,960,000",2.426
1/17/19,"83,085,960,000",2.426
1/18/19,"83,085,960,000",2.426
1/21/19,"83,085,960,000",2.426
1/22/19,"83,085,960,000",2.426
1/23/19,"83,085,960,000",2.426
1/24/19,"83,085,960,000",2.426
1/25/19,"83,085,960,000",2.426
1/28/19,"83,085,960,000",2.426
1/29/19,"83,085,960,000",2.426
1/30/19,"83,085,960,000",2.426
1/31/19,"83,085,960,000",2.426
2/1/19,"83,085,960,000",2.426
2/4/19,"83,085,960,000",2.426
2/5/19,"83,085,960,000",2.426
2/6/19,"83,085,960,000",2.426
2/7/19,"83,085,960,000",2.426
2/8/19,"83,085,960,000",2.426
2/11/19,"83,085,960,000",2.426
2/12/19,"83,085,960,000",2.426
2/13/19,"83,085,960,000",2.426
2/14/19,"83,085,960,000",2.426
2/15/19,"83,085,960,000",2.426
2/18/19,"83,085,960,000",2.426
2/19/19,"83,085,960,000",2.426
2/20/19,"83,085,960,000",2.426
2/21/19,"83,085,960,000",2.426
2/22/19,"83,085,960,000",2.426
2/25/19,"83,085,960,000",2.426
2/26/19,"83,085,960,000",2.426
2/27/19,"83,085,960,000",2.426
2/28/19,"83,085,960,000",2.426
3/1/19,"83,085,960,000",2.426
3/4/19,"83,085,960,000",2.426
3/5/19,"83,085,960,000",2.426
3/6/19,"83,085,960,000",2.426
3/7/19,"83,085,960,000",2.426
3/8/19,"83,085,960,000",2.426
3/11/19,"83,085,960,000",2.426
3/12/19,"83,085,960,000",2.426
3/13/19,"83,085,960,000",2.426
3/14/19,"83,085,960,000",2.426
3/15/19,"83,085,960,000",2.426
3/18/19,"83,085,960,000",2.426
3/19/19,"83,085,960,000",2.426
3/20/19,"83,085,960,000",2.426
3/21/19,"83,085,960,000",2.426
3/22/19,"83,085,960,000",2.426
3/25/19,"83,085,960,000",2.426
3/26/19,"83,085,960,000",2.426
3/27/19,"83,085,960,000",2.426
3/28/19,"83,085,960,000",2.426
3/29/19,"83,085,960,000",2.426
4/1/19,"83,085,960,000",2.426
4/2/19,"83,085,960,000",2.426
4/3/19,"83,085,960,000",2.426
4/4/19,"83,085,960,000",2.426
4/5/19,"83,085,960,000",2.426
4/8/19,"83,085,960,000",2.426
4/9/19,"83,085,960,000",2.426
4/10/19,"83,085,960,000",2.426
4/11/19,"83,085,960,000",2.426
4/12/19,"83,085,960,000",2.426
4/15/19,"83,085,960,000",2.426
4/16/19,"83,085,960,000",2.426
4/17/19,"83,085,960,000",2.426
4/18/19,"83,085,960,000",2.426
4/19/19,"83,085,960,000",2.426
4/22/19,"83,085,960,000",2.426
4/23/19,"83,085,960,000",2.426
4/24/19,"83,085,960,000",2.426
4/25/19,"83,085,960,000",2.426
4/26/19,"83,085,960,000",2.426
4/29/19,"83,085,960,000",2.426
4/30/19,"83,085,960,000",2.426
5/1/19,"83,085,960,000",2.426
5/2/19,"83,085,960,000",2.426
5/3/19,"83,085,960,000",2.426
5/6/19,"83,085,960,000",2.426
5/7/19,"83,085,960,000",2.426
5/8/19,"83,085,960,000",2.426
5/9/19,"83,085,960,000",2.426
5/10/19,"83,085,960,000",2.426
5/13/19,"83,085,960,000",2.426
5/14/19,"83,085,960,000",2.426
5/15/19,"83,085,960,000",2.426
5/16/19,"83,085,960,000",2.426
5/17/19,"83,085,960,000",2.426
5/20/19,"83,085,960,000",2.426
5/21/19,"83,085,960,000",2.426
5/22/19,"83,085,960,000",2.426
5/23/19,"83,085,960,000",2.426
5/24/19,"83,085,960,000",2.426
5/27/19,"83,085,960,000",2.426
5/28/19,"83,085,960,000",2.426
5/29/19,"83,085,960,000",2.426
5/30/19,"83,085,960,000",2.426
5/31/19,"83,085,960,000",2.426
6/3/19,"83,085,960,000",2.426
6/4/19,"83,085,960,000",2.426
6/5/19,"83,085,960,000",2.426
6/6/19,"83,085,960,000",2.426
6/7/19,"83,085,960,000",2.426
6/10/19,"83,085,960,000",2.426
6/11/19,"83,085,960,000",2.426
6/12/19,"83,085,960,000",2.426
6/13/19,"83,085,960,000",2.426
6/14/19,"83,085,960,000",2.426
6/17/19,"83,085,960,000",2.426
6/18/19,"83,085,960,000",2.426
6/19/19,"83,085,960,000",2.426
6/20/19,"83,085,960,000",2.426
6/21/19,"83,085,960,000",2.426
6/24/19,"83,085,960,000",2.426
6/25/19,"83,085,960,000",2.426
6/26/19,"83,085,960,000",2.426
6/27/19,"83,085,960,000",2.426
6/28/19,"83,085,960,000",2.426
7/1/19,"83,085,960,000",2.426
7/2/19,"83,085,960,000",2.426
7/3/19,"83,085,960,000",2.426
7/4/19,"83,085,960,000",2.426
7/5/19,"83,085,960,000",2.426
7/8/19,"83,085,960,000",2.426
7/9/19,"83,085,960,000",2.426
7/10/19,"83,085,960,000",2.426
7/11/19,"83,085,960,000",2.426
7/12/19,"83,085,960,000",2.426
7/15/19,"83,085,960,000",2.426
7/16/19,"83,085,960,000",2.426
7/17/19,"83,085,960,000",2.426
7/18/19,"83,085,960,000",2.426
7/19/19,"83,085,960,000",2.426
7/22/19,"83,085,960,000",2.426
7/23/19,"83,085,960,000",2.426
7/24/19,"83,085,960,000",2.426
7/25/19,"83,085,960,000",2.426
7/26/19,"83,085,960,000",2.426
7/29/19,"83,085,960,000",2.426
7/30/19,"83,085,960,000",2.426
7/31/19,"83,085,960,000",2.426
8/1/19,"83,085,960,000",2.426
8/2/19,"83,085,960,000",2.426
8/3/19,"83,085,960,000",2.426
8/4/19,"83,085,960,000",2.426
8/5/19,"83,085,960,000",2.426
8/6/19,"83,085,960,000",2.426
8/7/19,"83,085,960,000",2.426
8/8/19,"83,085,960,000",2.426
8/9/19,"83,085,960,000",2.426
8/10/19,"83,085,960,000",2.426
8/11/19,"83,085,960,000",2.426
8/12/19,"83,085,960,000",2.426
8/13/19,"83,085,960,000",2.426
8/14/19,"83,085,960,000",2.426
8/15/19,"83,085,960,000",2.426
8/16/19,"83,085,960,000",2.426
8/17/19,"83,085,960,000",2.426
8/18/19,"83,085,960,000",2.426
8/19/19,"83,085,960,000",2.426
8/20/19,"83,085,960,000",2.426
8/21/19,"83,085,960,000",2.426
8/22/19,"83,085,960,000",2.426
8/23/19,"83,085,960,000",2.426
8/24/19,"83,085,960,000",2.426
8/25/19,"83,085,960,000",2.426
8/26/19,"83,085,960,000",2.426
8/27/19,"83,085,960,000",2.426
8/28/19,"83,085,960,000",2.426
8/29/19,"83,085,960,000",2.426
8/30/19,"83,085,960,000",2.426
8/31/19,"83,085,960,000",2.426
9/1/19,"83,085,960,000",2.426
9/2/19,"83,085,960,000",2.426
9/3/19,"83,085,960,000",2.426
9/4/19,"83,085,960,000",2.426
9/5/19,"83,085,960,000",2.426
9/6/19,"83,085,960,000",2.426
9/7/19,"83,085,960,000",2.426
9/8/19,"83,085,960,000",2.426
9/9/19,"83,085,960,000",2.426
9/10/19,"83,085,960,000",2.426
9/11/19,"83,085,960,000",2.426
9/12/19,"83,085,960,000",2.426
9/13/19,"83,085,960,000",2.426
9/14/19,"83,085,960,000",2.426
9/15/19,"83,085,960,000",2.426
9/16/19,"83,085,960,000",2.426
9/17/19,"83,085,960,000",2.426
9/18/19,"83,085,960,000",2.426
9/19/19,"83,085,960,000",2.426
9/20/19,"83,085,960,000",2.426
9/21/19,"83,085,960,000",2.426
9/22/19,"83,085,960,000",2.426
9/23/19,"83,085,960,000",2.426
9/24/19,"83,085,960,000",2.426
9/25/19,"83,085,960,000",2.426
9/26/19,"83,085,960,000",2.426
9/27/19,"83,085,960,000",2.426
9/28/19,"83,085,960,000",2.426
9/29/19,"83,085,960,000",2.426
9/30/19,"83,085,960,000",2.426
10/1/19,"83,085,960,000",2.426
10/2/19,"83,085,960,000",2.426
10/3/19,"83,085,960,000",2.426
10/4/19,"83,085,960,000",2.426
10/5/19,"83,085,960,000",2.426
10/6/19,"83,085,960,000",2.426
10/7/19,"83,085,960,000",2.426
10/8/19,"83,085,960,000",2.426
10/9/19,"83,085,960,000",2.426
10/10/19,"83,085,960,000",2.426
10/11/19,"83,085,960,000",2.426
10/12/19,"83,085,960,000",2.426
10/13/19,"83,085,960,000",2.426
10/14/19,"83,085,960,000",2.426
10/15/19,"83,085,960,000",2.426
10/16/19,"83,085,960,000",2.426
10/17/19,"83,085,960,000",2.426
10/18/19,"83,085,960,000",2.426
10/19/19,"83,085,960,000",2.426
10/20/19,"83,085,960,000",2.426
10/21/19,"83,085,960,000",2.426
10/22/19,"83,085,960,000",2.426
10/23/19,"83,085,960,000",2.426
10/24/19,"83,085,960,000",2.426
10/25/19,"83,085,960,000",2.426
10/26/19,"83,085,960,000",2.426
10/27/19,"83,085,960,000",2.426
10/28/19,"83,085,960,000",2.426
10/29/19,"83,085,960,000",2.426
10/30/19,"83,085,960,000",2.426
10/31/19,"83,085,960,000",2.426
11/1/19,"83,085,960,000",2.426
11/2/19,"83,085,960,000",2.426
11/3/19,"83,085,960,000",2.426
11/4/19,"83,085,960,000",2.426
11/5/19,"83,085,960,000",2.426
11/6/19,"83,085,960,000",2.426
11/7/19,"83,085,960,000",2.426
11/8/19,"83,085,960,000",2.426
11/9/19,"83,085,960,000",2.426
11/10/19,"83,085,960,000",2.426
11/11/19,"83,085,960,000",2.426
11/12/19,"83,085,960,000",2.426
11/13/19,"83,085,960,000",2.426
11/14/19,"83,085,960,000",2.426
11/15/19,"83,085,960,000",2.426
11/16/19,"83,085,960,000",2.426
11/17/19,"83,085,960,000",2.426
11/18/19,"83,085,960,000",2.426
11/19/19,"83,085,960,000",2.426
11/20/19,"83,085,960,000",2.426
11/21/19,"83,085,960,000",2.426
11/22/19,"83,085,960,000",2.426
11/23/19,"83,085,960,000",2.426
11/24/19,"83,085,960,000",2.426
11/25/19,"83,085,960,000",2.426
11/26/19,"83,085,960,000",2.426
11/27/19,"83,085,960,000",2.426
11/28/19,"83,085,960,000",2.426
11/29/19,"83,085,960,000",2.426
11/30/19,"83,085,960,000",2.426
12/1/19,"83,085,960,000",2.426
12/2/19,"83,085,960,000",2.426
12/3/19,"83,085,960,000",2.426
12/4/19,"83,085,960,000",2.426
12/5/19,"83,085,960,000",2.426
12/6/19,"83,085,960,000",2.426
12/7/19,"83,085,960,000",2.426
12/8/19,"83,085,960,000",2.426
12/9/19,"83,085,960,000",2.426
12/10/19,"83,085,960,000",2.426
12/11/19,"83,085,960,000",2.426
12/12/19,"83,085,960,000",2.426
12/13/19,"83,085,960,000",2.426
12/14/19,"83,085,960,000",2.426
12/15/19,"83,085,960,000",2.426
12/16/19,"83,085,960,000",2.426
12/17/19,"83,085,960,000",2.426
12/18/19,"83,085,960,000",2.426
12/19/19,"83,085,960,000",2.426
12/20/19,"83,085,960,000",2.426
12/21/19,"83,085,960,000",2.426
12/22/19,"83,085,960,000",2.426
12/23/19,"83,085,960,000",2.426
12/24/19,"83,085,960,000",2.426
12/25/19,"83,085,960,000",2.426
12/26/19,"83,085,960,000",2.426
12/27/19,"83,085,960,000",2.426
12/28/19,"83,085,960,000",2.426
12/29/19,"83,085,960,000",2.426
12/30/19,"83,085,960,000",2.426
12/31/19,"118,416,240,000",3.236
1/1/20,"118,416,240,000",3.236
1/2/20,"118,416,240,000",3.236
1/3/20,"118,416,240,000",3.236
1/4/20,"118,416,240,000",3.236
1/5/20,"118,416,240,000",3.236
1/6/20,"118,416,240,000",3.236
1/7/20,"118,416,240,000",3.236
1/8/20,"118,416,240,000",3.236
1/9/20,"118,416,240,000",3.236
1/10/20,"118,416,240,000",3.236
1/11/20,"118,416,240,000",3.236
1/12/20,"118,416,240,000",3.236
1/13/20,"118,416,240,000",3.236
1/14/20,"118,416,240,000",3.236
1/15/20,"118,416,240,000",3.236
1/16/20,"118,416,240,000",3.236
1/17/20,"118,416,240,000",3.236
1/18/20,"118,416,240,000",3.236
1/19/20,"118,416,240,000",3.236
1/20/20,"118,416,240,000",3.236
1/21/20,"118,416,240,000",3.236
1/22/20,"118,416,240,000",3.236
1/23/20,"118,416,240,000",3.236
1/24/20,"118,416,240,000",3.236
1/25/20,"118,416,240,000",3.236
1/26/20,"118,416,240,000",3.236
1/27/20,"118,416,240,000",3.236
1/28/20,"118,416,240,000",3.236
1/29/20,"118,416,240,000",3.236
1/30/20,"118,416,240,000",3.236
1/31/20,"118,416,240,000",3.236
2/1/20,"118,416,240,000",3.236
2/2/20,"118,416,240,000",3.236
2/3/20,"118,416,240,000",3.236
2/4/20,"118,416,240,000",3.236
2/5/20,"118,416,240,000",3.236
2/6/20,"118,416,240,000",3.236
2/7/20,"118,416,240,000",3.236
2/8/20,"118,416,240,000",3.236
2/9/20,"118,416,240,000",3.236
2/10/20,"118,416,240,000",3.236
2/11/20,"118,416,240,000",3.236
2/12/20,"118,416,240,000",3.236
2/13/20,"118,416,240,000",3.236
2/14/20,"118,416,240,000",3.236
2/15/20,"118,416,240,000",3.236
2/16/20,"118,416,240,000",3.236
2/17/20,"118,416,240,000",3.236
2/18/20,"118,416,240,000",3.236
2/19/20,"118,416,240,000",3.236
2/20/20,"118,416,240,000",3.236
2/21/20,"118,416,240,000",3.236
2/22/20,"118,416,240,000",3.236
2/23/20,"118,416,240,000",3.236
2/24/20,"118,416,240,000",3.236
2/25/20,"118,416,240,000",3.236
2/26/20,"118,416,240,000",3.236
2/27/20,"118,416,240,000",3.236
2/28/20,"118,416,240,000",3.236
2/29/20,"118,416,240,000",3.236
3/1/20,"118,416,240,000",3.236
3/2/20,"118,416,240,000",3.236
3/3/20,"118,416,240,000",3.236
3/4/20,"118,416,240,000",3.236
3/5/20,"118,416,240,000",3.236
3/6/20,"118,416,240,000",3.236
3/7/20,"118,416,240,000",3.236
3/8/20,"118,416,240,000",3.236
3/9/20,"118,416,240,000",3.236
3/10/20,"118,416,240,000",3.236
3/11/20,"118,416,240,000",3.236
3/12/20,"118,416,240,000",3.236
3/13/20,"118,416,240,000",3.236
3/14/20,"118,416,240,000",3.236
3/15/20,"118,416,240,000",3.236
3/16/20,"118,416,240,000",3.236
3/17/20,"118,416,240,000",3.236
3/18/20,"118,416,240,000",3.236
3/19/20,"118,416,240,000",3.236
3/20/20,"118,416,240,000",3.236
3/21/20,"118,416,240,000",3.236
3/22/20,"118,416,240,000",3.236
3/23/20,"118,416,240,000",3.236
3/24/20,"118,416,240,000",3.236
3/25/20,"118,416,240,000",3.236
3/26/20,"118,416,240,000",3.236
3/27/20,"118,416,240,000",3.236
3/28/20,"118,416,240,000",3.236
3/29/20,"118,416,240,000",3.236
3/30/20,"118,416,240,000",3.236
3/31/20,"118,416,240,000",3.236
4/1/20,"118,416,240,000",3.236
4/2/20,"118,416,240,000",3.236
4/3/20,"118,416,240,000",3.236
4/4/20,"118,416,240,000",3.236
4/5/20,"118,416,240,000",3.236
4/6/20,"118,416,240,000",3.236
4/7/20,"118,416,240,000",3.236
4/8/20,"118,416,240,000",3.236
4/9/20,"118,416,240,000",3.236
4/10/20,"118,416,240,000",3.236
4/11/20,"118,416,240,000",3.236
4/12/20,"118,416,240,000",3.236
4/13/20,"118,416,240,000",3.236
4/14/20,"118,416,240,000",3.236
4/15/20,"118,416,240,000",3.236
4/16/20,"118,416,240,000",3.236
4/17/20,"118,416,240,000",3.236
4/18/20,"118,416,240,000",3.236
4/19/20,"118,416,240,000",3.236
4/20/20,"118,416,240,000",3.236
4/21/20,"118,416,240,000",3.236
4/22/20,"118,416,240,000",3.236
4/23/20,"118,416,240,000",3.236
4/24/20,"118,416,240,000",3.236
4/25/20,"118,416,240,000",3.236
4/26/20,"118,416,240,000",3.236
4/27/20,"118,416,240,000",3.236
4/28/20,"118,416,240,000",3.236
4/29/20,"118,416,240,000",3.236
4/30/20,"118,416,240,000",3.236
5/1/20,"118,416,240,000",3.236
5/2/20,"118,416,240,000",3.236
5/3/20,"118,416,240,000",3.236
5/4/20,"118,416,240,000",3.236
5/5/20,"118,416,240,000",3.236
5/6/20,"118,416,240,000",3.236
5/7/20,"118,416,240,000",3.236
5/8/20,"118,416,240,000",3.236
5/9/20,"118,416,240,000",3.236
5/10/20,"118,416,240,000",3.236
5/11/20,"118,416,240,000",3.236
5/12/20,"118,416,240,000",3.236
5/13/20,"118,416,240,000",3.236
5/14/20,"118,416,240,000",3.236
5/15/20,"118,416,240,000",3.236
5/16/20,"118,416,240,000",3.236
5/17/20,"118,416,240,000",3.236
5/18/20,"118,416,240,000",3.236
5/19/20,"118,416,240,000",3.236
5/20/20,"118,416,240,000",3.236
5/21/20,"118,416,240,000",3.236
5/22/20,"118,416,240,000",3.236
5/23/20,"118,416,240,000",3.236
5/24/20,"118,416,240,000",3.236
5/25/20,"118,416,240,000",3.236
5/26/20,"118,416,240,000",3.236
5/27/20,"118,416,240,000",3.236
5/28/20,"118,416,240,000",3.236
5/29/20,"118,416,240,000",3.236
5/30/20,"118,416,240,000",3.236
5/31/20,"118,416,240,000",3.236
6/1/20,"118,416,240,000",3.236
6/2/20,"118,416,240,000",3.236
6/3/20,"118,416,240,000",3.236
6/4/20,"118,416,240,000",3.236
6/5/20,"118,416,240,000",3.236
6/6/20,"118,416,240,000",3.236
6/7/20,"118,416,240,000",3.236
6/8/20,"118,416,240,000",3.236
6/9/20,"118,416,240,000",3.236
6/10/20,"118,416,240,000",3.236
6/11/20,"118,416,240,000",3.236
6/12/20,"118,416,240,000",3.236
6/13/20,"118,416,240,000",3.236
6/14/20,"118,416,240,000",3.236
6/15/20,"118,416,240,000",3.236
6/16/20,"118,416,240,000",3.236
6/17/20,"118,416,240,000",3.236
6/18/20,"118,416,240,000",3.236
6/19/20,"118,416,240,000",3.236
6/20/20,"118,416,240,000",3.236
6/21/20,"118,416,240,000",3.236
6/22/20,"118,416,240,000",3.236
6/23/20,"118,416,240,000",3.236
6/24/20,"118,416,240,000",3.236
6/25/20,"118,416,240,000",3.236
6/26/20,"118,416,240,000",3.236
6/27/20,"118,416,240,000",3.236
6/28/20,"118,416,240,000",3.236
6/29/20,"118,416,240,000",3.236
6/30/20,"118,416,240,000",3.236
7/1/20,"118,416,240,000",3.236
7/2/20,"118,416,240,000",3.236
7/3/20,"118,416,240,000",3.236
7/4/20,"118,416,240,000",3.236
7/5/20,"118,416,240,000",3.236
7/6/20,"118,416,240,000",3.236
7/7/20,"118,416,240,000",3.236
7/8/20,"118,416,240,000",3.236
7/9/20,"118,416,240,000",3.236
7/10/20,"118,416,240,000",3.236
7/11/20,"118,416,240,000",3.236
7/12/20,"118,416,240,000",3.236
7/13/20,"118,416,240,000",3.236
7/14/20,"118,416,240,000",3.236
7/15/20,"118,416,240,000",3.236
7/16/20,"118,416,240,000",3.236
7/17/20,"118,416,240,000",3.236
7/18/20,"118,416,240,000",3.236
7/19/20,"118,416,240,000",3.236
7/20/20,"118,416,240,000",3.236
7/21/20,"118,416,240,000",3.236
7/22/20,"118,416,240,000",3.236
7/23/20,"118,416,240,000",3.236
7/24/20,"118,416,240,000",3.236
7/25/20,"118,416,240,000",3.236
7/26/20,"118,416,240,000",3.236
7/27/20,"118,416,240,000",3.236
7/28/20,"118,416,240,000",3.236
7/29/20,"118,416,240,000",3.236
7/30/20,"118,416,240,000",3.236
7/31/20,"118,416,240,000",3.236
8/1/20,"118,416,240,000",3.236
8/2/20,"118,416,240,000",3.236
8/3/20,"118,416,240,000",3.236
8/4/20,"118,416,240,000",3.236
8/5/20,"118,416,240,000",3.236
8/6/20,"118,416,240,000",3.236
8/7/20,"118,416,240,000",3.236
8/8/20,"118,416,240,000",3.236
8/9/20,"118,416,240,000",3.236
8/10/20,"118,416,240,000",3.236
8/11/20,"118,416,240,000",3.236
8/12/20,"118,416,240,000",3.236
8/13/20,"118,416,240,000",3.236
8/14/20,"118,416,240,000",3.236
8/15/20,"118,416,240,000",3.236
8/16/20,"118,416,240,000",3.236
8/17/20,"118,416,240,000",3.236
8/18/20,"118,416,240,000",3.236
8/19/20,"118,416,240,000",3.236
8/20/20,"118,416,240,000",3.236
8/21/20,"118,416,240,000",3.236
8/22/20,"118,416,240,000",3.236
8/23/20,"118,416,240,000",3.236
8/24/20,"118,416,240,000",3.236
8/25/20,"118,416,240,000",3.236
8/26/20,"118,416,240,000",3.236
8/27/20,"118,416,240,000",3.236
8/28/20,"118,416,240,000",3.236
8/29/20,"118,416,240,000",3.236
8/30/20,"118,416,240,000",3.236
8/31/20,"118,416,240,000",3.236
9/1/20,"118,416,240,000",3.236
9/2/20,"118,416,240,000",3.236
9/3/20,"118,416,240,000",3.236
9/4/20,"118,416,240,000",3.236
9/5/20,"118,416,240,000",3.236
9/6/20,"118,416,240,000",3.236
9/7/20,"118,416,240,000",3.236
9/8/20,"118,416,240,000",3.236
9/9/20,"118,416,240,000",3.236
9/10/20,"118,416,240,000",3.236
9/11/20,"118,416,240,000",3.236
9/12/20,"118,416,240,000",3.236
9/13/20,"118,416,240,000",3.236
9/14/20,"118,416,240,000",3.236
9/15/20,"118,416,240,000",3.236
9/16/20,"118,416,240,000",3.236
9/17/20,"118,416,240,000",3.236
9/18/20,"118,416,240,000",3.236
9/19/20,"118,416,240,000",3.236
9/20/20,"118,416,240,000",3.236
9/21/20,"118,416,240,000",3.236
9/22/20,"118,416,240,000",3.236
9/23/20,"118,416,240,000",3.236
9/24/20,"118,416,240,000",3.236
9/25/20,"118,416,240,000",3.236
9/26/20,"118,416,240,000",3.236
9/27/20,"118,416,240,000",3.236
9/28/20,"118,416,240,000",3.236
9/29/20,"118,416,240,000",3.236
9/30/20,"118,416,240,000",3.236
10/1/20,"118,416,240,000",3.236
10/2/20,"118,416,240,000",3.236
10/3/20,"118,416,240,000",3.236
10/4/20,"118,416,240,000",3.236
10/5/20,"118,416,240,000",3.236
10/6/20,"118,416,240,000",3.236
10/7/20,"118,416,240,000",3.236
10/8/20,"118,416,240,000",3.236
10/9/20,"118,416,240,000",3.236
10/10/20,"118,416,240,000",3.236
10/11/20,"118,416,240,000",3.236
10/12/20,"118,416,240,000",3.236
10/13/20,"118,416,240,000",3.236
10/14/20,"118,416,240,000",3.236
10/15/20,"118,416,240,000",3.236
10/16/20,"118,416,240,000",3.236
10/17/20,"118,416,240,000",3.236
10/18/20,"118,416,240,000",3.236
10/19/20,"118,416,240,000",3.236
10/20/20,"118,416,240,000",3.236
10/21/20,"118,416,240,000",3.236
10/22/20,"118,416,240,000",3.236
10/23/20,"118,416,240,000",3.236
10/24/20,"118,416,240,000",3.236
10/25/20,"118,416,240,000",3.236
10/26/20,"118,416,240,000",3.236
10/27/20,"118,416,240,000",3.236
10/28/20,"118,416,240,000",3.236
10/29/20,"118,416,240,000",3.236
10/30/20,"118,416,240,000",3.236
10/31/20,"118,416,240,000",3.236
11/1/20,"118,416,240,000",3.236
11/2/20,"118,416,240,000",3.236
11/3/20,"118,416,240,000",3.236
11/4/20,"118,416,240,000",3.236
11/5/20,"118,416,240,000",3.236
11/6/20,"118,416,240,000",3.236
11/7/20,"118,416,240,000",3.236
11/8/20,"118,416,240,000",3.236
11/9/20,"118,416,240,000",3.236
11/10/20,"118,416,240,000",3.236
11/11/20,"118,416,240,000",3.236
11/12/20,"118,416,240,000",3.236
11/13/20,"118,416,240,000",3.236
11/14/20,"118,416,240,000",3.236
11/15/20,"118,416,240,000",3.236
11/16/20,"118,416,240,000",3.236
11/17/20,"118,416,240,000",3.236
11/18/20,"118,416,240,000",3.236
11/19/20,"118,416,240,000",3.236
11/20/20,"118,416,240,000",3.236
11/21/20,"118,416,240,000",3.236
11/22/20,"118,416,240,000",3.236
11/23/20,"118,416,240,000",3.236
11/24/20,"118,416,240,000",3.236
11/25/20,"118,416,240,000",3.236
11/26/20,"118,416,240,000",3.236
11/27/20,"118,416,240,000",3.236
11/28/20,"118,416,240,000",3.236
11/29/20,"118,416,240,000",3.236
11/30/20,"118,416,240,000",3.236
12/1/20,"118,416,240,000",3.236
12/2/20,"118,416,240,000",3.236
12/3/20,"118,416,240,000",3.236
12/4/20,"118,416,240,000",3.236
12/5/20,"118,416,240,000",3.236
12/6/20,"118,416,240,000",3.236
12/7/20,"118,416,240,000",3.236
12/8/20,"118,416,240,000",3.236
12/9/20,"118,416,240,000",3.236
12/10/20,"118,416,240,000",3.236
12/11/20,"118,416,240,000",3.236
12/12/20,"118,416,240,000",3.236
12/13/20,"118,416,240,000",3.236
12/14/20,"118,416,240,000",3.236
12/15/20,"118,416,240,000",3.236
12/16/20,"118,416,240,000",3.236
12/17/20,"118,416,240,000",3.236
12/18/20,"118,416,240,000",3.236
12/19/20,"118,416,240,000",3.236
12/20/20,"118,416,240,000",3.236
12/21/20,"118,416,240,000",3.236
12/22/20,"118,416,240,000",3.236
12/23/20,"118,416,240,000",3.236
12/24/20,"118,416,240,000",3.236
12/25/20,"118,416,240,000",3.236
12/26/20,"118,416,240,000",3.236
12/27/20,"118,416,240,000",3.236
12/28/20,"118,416,240,000",3.236
12/29/20,"118,416,240,000",3.236
12/30/20,"118,416,240,000",3.236
12/31/20,"151,214,000,000",4.055
1/1/21,"151,214,000,000",4.055