Date,Size,P/B RATIO,
12/31/14,"12,786,116,894",1.4,
1/1/15,"12,786,116,894",1.4,
1/2/15,"12,786,116,894",1.4,
1/5/15,"12,786,116,894",1.4,
1/6/15,"12,786,116,894",1.4,
1/7/15,"12,786,116,894",1.4,
1/8/15,"12,786,116,894",1.4,
1/9/15,"12,786,116,894",1.4,
1/12/15,"12,786,116,894",1.4,
1/13/15,"12,786,116,894",1.4,
1/14/15,"12,786,116,894",1.4,
1/15/15,"12,786,116,894",1.4,
1/16/15,"12,786,116,894",1.4,
1/19/15,"12,786,116,894",1.4,
1/20/15,"12,786,116,894",1.4,
1/21/15,"12,786,116,894",1.4,
1/22/15,"12,786,116,894",1.4,
1/23/15,"12,786,116,894",1.4,
1/26/15,"12,786,116,894",1.4,
1/27/15,"12,786,116,894",1.4,
1/28/15,"12,786,116,894",1.4,
1/29/15,"12,786,116,894",1.4,
1/30/15,"12,786,116,894",1.4,
2/2/15,"12,786,116,894",1.4,
2/3/15,"12,786,116,894",1.4,
2/4/15,"12,786,116,894",1.4,
2/5/15,"12,786,116,894",1.4,
2/6/15,"12,786,116,894",1.4,
2/9/15,"12,786,116,894",1.4,
2/10/15,"12,786,116,894",1.4,
2/11/15,"12,786,116,894",1.4,
2/12/15,"12,786,116,894",1.4,
2/13/15,"12,786,116,894",1.4,
2/16/15,"12,786,116,894",1.4,
2/17/15,"12,786,116,894",1.4,
2/18/15,"12,786,116,894",1.4,
2/19/15,"12,786,116,894",1.4,
2/20/15,"12,786,116,894",1.4,
2/23/15,"12,786,116,894",1.4,
2/24/15,"12,786,116,894",1.4,
2/25/15,"12,786,116,894",1.4,
2/26/15,"12,786,116,894",1.4,
2/27/15,"12,786,116,894",1.4,
3/2/15,"12,786,116,894",1.4,
3/3/15,"12,786,116,894",1.4,
3/4/15,"12,786,116,894",1.4,
3/5/15,"12,786,116,894",1.4,
3/6/15,"12,786,116,894",1.4,
3/9/15,"12,786,116,894",1.4,
3/10/15,"12,786,116,894",1.4,
3/11/15,"12,786,116,894",1.4,
3/12/15,"12,786,116,894",1.4,
3/13/15,"12,786,116,894",1.4,
3/16/15,"12,786,116,894",1.4,
3/17/15,"12,786,116,894",1.4,
3/18/15,"12,786,116,894",1.4,
3/19/15,"12,786,116,894",1.4,
3/20/15,"12,786,116,894",1.4,
3/23/15,"12,786,116,894",1.4,
3/24/15,"12,786,116,894",1.4,
3/25/15,"12,786,116,894",1.4,
3/26/15,"12,786,116,894",1.4,
3/27/15,"12,786,116,894",1.4,
3/30/15,"12,786,116,894",1.4,
3/31/15,"15,372,893,553",1.877,
4/1/15,"15,372,893,553",1.877,
4/2/15,"15,372,893,553",1.877,
4/3/15,"15,372,893,553",1.877,
4/6/15,"15,372,893,553",1.877,
4/7/15,"15,372,893,553",1.877,
4/8/15,"15,372,893,553",1.877,
4/9/15,"15,372,893,553",1.877,
4/10/15,"15,372,893,553",1.877,
4/13/15,"15,372,893,553",1.877,
4/14/15,"15,372,893,553",1.877,
4/15/15,"15,372,893,553",1.877,
4/16/15,"15,372,893,553",1.877,
4/17/15,"15,372,893,553",1.877,
4/20/15,"15,372,893,553",1.877,
4/21/15,"15,372,893,553",1.877,
4/22/15,"15,372,893,553",1.877,
4/23/15,"15,372,893,553",1.877,
4/24/15,"15,372,893,553",1.877,
4/27/15,"15,372,893,553",1.877,
4/28/15,"15,372,893,553",1.877,
4/29/15,"15,372,893,553",1.877,
4/30/15,"15,372,893,553",1.877,
5/1/15,"15,372,893,553",1.877,
5/4/15,"15,372,893,553",1.877,
5/5/15,"15,372,893,553",1.877,
5/6/15,"15,372,893,553",1.877,
5/7/15,"15,372,893,553",1.877,
5/8/15,"15,372,893,553",1.877,
5/11/15,"15,372,893,553",1.877,
5/12/15,"15,372,893,553",1.877,
5/13/15,"15,372,893,553",1.877,
5/14/15,"15,372,893,553",1.877,
5/15/15,"15,372,893,553",1.877,
5/18/15,"15,372,893,553",1.877,
5/19/15,"15,372,893,553",1.877,
5/20/15,"15,372,893,553",1.877,
5/21/15,"15,372,893,553",1.877,
5/22/15,"15,372,893,553",1.877,
5/25/15,"15,372,893,553",1.877,
5/26/15,"15,372,893,553",1.877,
5/27/15,"15,372,893,553",1.877,
5/28/15,"15,372,893,553",1.877,
5/29/15,"15,372,893,553",1.877,
6/1/15,"15,372,893,553",1.877,
6/2/15,"15,372,893,553",1.877,
6/3/15,"15,372,893,553",1.877,
6/4/15,"15,372,893,553",1.877,
6/5/15,"15,372,893,553",1.877,
6/8/15,"15,372,893,553",1.877,
6/9/15,"15,372,893,553",1.877,
6/10/15,"15,372,893,553",1.877,
6/11/15,"15,372,893,553",1.877,
6/12/15,"15,372,893,553",1.877,
6/15/15,"15,372,893,553",1.877,
6/16/15,"15,372,893,553",1.877,
6/17/15,"15,372,893,553",1.877,
6/18/15,"15,372,893,553",1.877,
6/19/15,"15,372,893,553",1.877,
6/22/15,"15,372,893,553",1.877,
6/23/15,"15,372,893,553",1.877,
6/24/15,"15,372,893,553",1.877,
6/25/15,"15,372,893,553",1.877,
6/26/15,"15,372,893,553",1.877,
6/29/15,"15,372,893,553",1.877,
6/30/15,"15,372,893,553",1.877,
7/1/15,"15,372,893,553",1.877,
7/2/15,"15,372,893,553",1.877,
7/3/15,"15,372,893,553",1.877,
7/6/15,"15,372,893,553",1.877,
7/7/15,"15,372,893,553",1.877,
7/8/15,"15,372,893,553",1.877,
7/9/15,"15,372,893,553",1.877,
7/10/15,"15,372,893,553",1.877,
7/13/15,"15,372,893,553",1.877,
7/14/15,"15,372,893,553",1.877,
7/15/15,"15,372,893,553",1.877,
7/16/15,"15,372,893,553",1.877,
7/17/15,"15,372,893,553",1.877,
7/20/15,"15,372,893,553",1.877,
7/21/15,"15,372,893,553",1.877,
7/22/15,"15,372,893,553",1.877,
7/23/15,"15,372,893,553",1.877,
7/24/15,"15,372,893,553",1.877,
7/27/15,"15,372,893,553",1.877,
7/28/15,"15,372,893,553",1.877,
7/29/15,"15,372,893,553",1.877,
7/30/15,"15,372,893,553",1.877,
7/31/15,"15,372,893,553",1.877,
8/3/15,"15,372,893,553",1.877,
8/4/15,"15,372,893,553",1.877,
8/5/15,"15,372,893,553",1.877,
8/6/15,"15,372,893,553",1.877,
8/7/15,"15,372,893,553",1.877,
8/10/15,"15,372,893,553",1.877,
8/11/15,"15,372,893,553",1.877,
8/12/15,"15,372,893,553",1.877,
8/13/15,"15,372,893,553",1.877,
8/14/15,"15,372,893,553",1.877,
8/17/15,"15,372,893,553",1.877,
8/18/15,"15,372,893,553",1.877,
8/19/15,"15,372,893,553",1.877,
8/20/15,"15,372,893,553",1.877,
8/21/15,"15,372,893,553",1.877,
8/24/15,"15,372,893,553",1.877,
8/25/15,"15,372,893,553",1.877,
8/26/15,"15,372,893,553",1.877,
8/27/15,"15,372,893,553",1.877,
8/28/15,"15,372,893,553",1.877,
8/31/15,"15,372,893,553",1.877,
9/1/15,"15,372,893,553",1.877,
9/2/15,"15,372,893,553",1.877,
9/3/15,"15,372,893,553",1.877,
9/4/15,"15,372,893,553",1.877,
9/7/15,"15,372,893,553",1.877,
9/8/15,"15,372,893,553",1.877,
9/9/15,"15,372,893,553",1.877,
9/10/15,"15,372,893,553",1.877,
9/11/15,"15,372,893,553",1.877,
9/14/15,"15,372,893,553",1.877,
9/15/15,"15,372,893,553",1.877,
9/16/15,"15,372,893,553",1.877,
9/17/15,"15,372,893,553",1.877,
9/18/15,"15,372,893,553",1.877,
9/21/15,"15,372,893,553",1.877,
9/22/15,"15,372,893,553",1.877,
9/23/15,"15,372,893,553",1.877,
9/24/15,"15,372,893,553",1.877,
9/25/15,"15,372,893,553",1.877,
9/28/15,"15,372,893,553",1.877,
9/29/15,"15,372,893,553",1.877,
9/30/15,"15,372,893,553",1.877,
10/1/15,"15,372,893,553",1.877,
10/2/15,"15,372,893,553",1.877,
10/5/15,"15,372,893,553",1.877,
10/6/15,"15,372,893,553",1.877,
10/7/15,"15,372,893,553",1.877,
10/8/15,"15,372,893,553",1.877,
10/9/15,"15,372,893,553",1.877,
10/12/15,"15,372,893,553",1.877,
10/13/15,"15,372,893,553",1.877,
10/14/15,"15,372,893,553",1.877,
10/15/15,"15,372,893,553",1.877,
10/16/15,"15,372,893,553",1.877,
10/19/15,"15,372,893,553",1.877,
10/20/15,"15,372,893,553",1.877,
10/21/15,"15,372,893,553",1.877,
10/22/15,"15,372,893,553",1.877,
10/23/15,"15,372,893,553",1.877,
10/26/15,"15,372,893,553",1.877,
10/27/15,"15,372,893,553",1.877,
10/28/15,"15,372,893,553",1.877,
10/29/15,"15,372,893,553",1.877,
10/30/15,"15,372,893,553",1.877,
11/2/15,"15,372,893,553",1.877,
11/3/15,"15,372,893,553",1.877,
11/4/15,"15,372,893,553",1.877,
11/5/15,"15,372,893,553",1.877,
11/6/15,"15,372,893,553",1.877,
11/9/15,"15,372,893,553",1.877,
11/10/15,"15,372,893,553",1.877,
11/11/15,"15,372,893,553",1.877,
11/12/15,"15,372,893,553",1.877,
11/13/15,"15,372,893,553",1.877,
11/16/15,"15,372,893,553",1.877,
11/17/15,"15,372,893,553",1.877,
11/18/15,"15,372,893,553",1.877,
11/19/15,"15,372,893,553",1.877,
11/20/15,"15,372,893,553",1.877,
11/23/15,"15,372,893,553",1.877,
11/24/15,"15,372,893,553",1.877,
11/25/15,"15,372,893,553",1.877,
11/26/15,"15,372,893,553",1.877,
11/27/15,"15,372,893,553",1.877,
11/30/15,"15,372,893,553",1.877,
12/1/15,"15,372,893,553",1.877,
12/2/15,"15,372,893,553",1.877,
12/3/15,"15,372,893,553",1.877,
12/4/15,"15,372,893,553",1.877,
12/7/15,"15,372,893,553",1.877,
12/8/15,"15,372,893,553",1.877,
12/9/15,"15,372,893,553",1.877,
12/10/15,"15,372,893,553",1.877,
12/11/15,"15,372,893,553",1.877,
12/14/15,"15,372,893,553",1.877,
12/15/15,"15,372,893,553",1.877,
12/16/15,"15,372,893,553",1.877,
12/17/15,"15,372,893,553",1.877,
12/18/15,"15,372,893,553",1.877,
12/21/15,"15,372,893,553",1.877,
12/22/15,"15,372,893,553",1.877,
12/23/15,"15,372,893,553",1.877,
12/24/15,"15,372,893,553",1.877,
12/25/15,"15,372,893,553",1.877,
12/28/15,"15,372,893,553",1.877,
12/29/15,"15,372,893,553",1.877,
12/30/15,"15,372,893,553",1.877,
12/31/15,"15,372,893,553",1.877,
1/1/16,"15,372,893,553",1.877,
1/4/16,"15,372,893,553",1.877,
1/5/16,"15,372,893,553",1.877,
1/6/16,"15,372,893,553",1.877,
1/7/16,"15,372,893,553",1.877,
1/8/16,"15,372,893,553",1.877,
1/11/16,"15,372,893,553",1.877,
1/12/16,"15,372,893,553",1.877,
1/13/16,"15,372,893,553",1.877,
1/14/16,"15,372,893,553",1.877,
1/15/16,"15,372,893,553",1.877,
1/18/16,"15,372,893,553",1.877,
1/19/16,"15,372,893,553",1.877,
1/20/16,"15,372,893,553",1.877,
1/21/16,"15,372,893,553",1.877,
1/22/16,"15,372,893,553",1.877,
1/25/16,"15,372,893,553",1.877,
1/26/16,"15,372,893,553",1.877,
1/27/16,"15,372,893,553",1.877,
1/28/16,"15,372,893,553",1.877,
1/29/16,"15,372,893,553",1.877,
2/1/16,"15,372,893,553",1.877,
2/2/16,"15,372,893,553",1.877,
2/3/16,"15,372,893,553",1.877,
2/4/16,"15,372,893,553",1.877,
2/5/16,"15,372,893,553",1.877,
2/8/16,"15,372,893,553",1.877,
2/9/16,"15,372,893,553",1.877,
2/10/16,"15,372,893,553",1.877,
2/11/16,"15,372,893,553",1.877,
2/12/16,"15,372,893,553",1.877,
2/15/16,"15,372,893,553",1.877,
2/16/16,"15,372,893,553",1.877,
2/17/16,"15,372,893,553",1.877,
2/18/16,"15,372,893,553",1.877,
2/19/16,"15,372,893,553",1.877,
2/22/16,"15,372,893,553",1.877,
2/23/16,"15,372,893,553",1.877,
2/24/16,"15,372,893,553",1.877,
2/25/16,"15,372,893,553",1.877,
2/26/16,"15,372,893,553",1.877,
2/29/16,"15,372,893,553",1.877,
3/1/16,"15,372,893,553",1.877,
3/2/16,"15,372,893,553",1.877,
3/3/16,"15,372,893,553",1.877,
3/4/16,"15,372,893,553",1.877,
3/7/16,"15,372,893,553",1.877,
3/8/16,"15,372,893,553",1.877,
3/9/16,"15,372,893,553",1.877,
3/10/16,"15,372,893,553",1.877,
3/11/16,"15,372,893,553",1.877,
3/14/16,"15,372,893,553",1.877,
3/15/16,"15,372,893,553",1.877,
3/16/16,"15,372,893,553",1.877,
3/17/16,"15,372,893,553",1.877,
3/18/16,"15,372,893,553",1.877,
3/21/16,"15,372,893,553",1.877,
3/22/16,"15,372,893,553",1.877,
3/23/16,"15,372,893,553",1.877,
3/24/16,"15,372,893,553",1.877,
3/25/16,"15,372,893,553",1.877,
3/28/16,"15,372,893,553",1.877,
3/29/16,"15,372,893,553",1.877,
3/30/16,"15,372,893,553",1.877,
3/31/16,"11,157,747,892",1.151,
4/1/16,"11,157,747,892",1.151,
4/4/16,"11,157,747,892",1.151,
4/5/16,"11,157,747,892",1.151,
4/6/16,"11,157,747,892",1.151,
4/7/16,"11,157,747,892",1.151,
4/8/16,"11,157,747,892",1.151,
4/11/16,"11,157,747,892",1.151,
4/12/16,"11,157,747,892",1.151,
4/13/16,"11,157,747,892",1.151,
4/14/16,"11,157,747,892",1.151,
4/15/16,"11,157,747,892",1.151,
4/18/16,"11,157,747,892",1.151,
4/19/16,"11,157,747,892",1.151,
4/20/16,"11,157,747,892",1.151,
4/21/16,"11,157,747,892",1.151,
4/22/16,"11,157,747,892",1.151,
4/25/16,"11,157,747,892",1.151,
4/26/16,"11,157,747,892",1.151,
4/27/16,"11,157,747,892",1.151,
4/28/16,"11,157,747,892",1.151,
4/29/16,"11,157,747,892",1.151,
5/2/16,"11,157,747,892",1.151,
5/3/16,"11,157,747,892",1.151,
5/4/16,"11,157,747,892",1.151,
5/5/16,"11,157,747,892",1.151,
5/6/16,"11,157,747,892",1.151,
5/9/16,"11,157,747,892",1.151,
5/10/16,"11,157,747,892",1.151,
5/11/16,"11,157,747,892",1.151,
5/12/16,"11,157,747,892",1.151,
5/13/16,"11,157,747,892",1.151,
5/16/16,"11,157,747,892",1.151,
5/17/16,"11,157,747,892",1.151,
5/18/16,"11,157,747,892",1.151,
5/19/16,"11,157,747,892",1.151,
5/20/16,"11,157,747,892",1.151,
5/23/16,"11,157,747,892",1.151,
5/24/16,"11,157,747,892",1.151,
5/25/16,"11,157,747,892",1.151,
5/26/16,"11,157,747,892",1.151,
5/27/16,"11,157,747,892",1.151,
5/30/16,"11,157,747,892",1.151,
5/31/16,"11,157,747,892",1.151,
6/1/16,"11,157,747,892",1.151,
6/2/16,"11,157,747,892",1.151,
6/3/16,"11,157,747,892",1.151,
6/6/16,"11,157,747,892",1.151,
6/7/16,"11,157,747,892",1.151,
6/8/16,"11,157,747,892",1.151,
6/9/16,"11,157,747,892",1.151,
6/10/16,"11,157,747,892",1.151,
6/13/16,"11,157,747,892",1.151,
6/14/16,"11,157,747,892",1.151,
6/15/16,"11,157,747,892",1.151,
6/16/16,"11,157,747,892",1.151,
6/17/16,"11,157,747,892",1.151,
6/20/16,"11,157,747,892",1.151,
6/21/16,"11,157,747,892",1.151,
6/22/16,"11,157,747,892",1.151,
6/23/16,"11,157,747,892",1.151,
6/24/16,"11,157,747,892",1.151,
6/27/16,"11,157,747,892",1.151,
6/28/16,"11,157,747,892",1.151,
6/29/16,"11,157,747,892",1.151,
6/30/16,"11,157,747,892",1.151,
7/1/16,"11,157,747,892",1.151,
7/4/16,"11,157,747,892",1.151,
7/5/16,"11,157,747,892",1.151,
7/6/16,"11,157,747,892",1.151,
7/7/16,"11,157,747,892",1.151,
7/8/16,"11,157,747,892",1.151,
7/11/16,"11,157,747,892",1.151,
7/12/16,"11,157,747,892",1.151,
7/13/16,"11,157,747,892",1.151,
7/14/16,"11,157,747,892",1.151,
7/15/16,"11,157,747,892",1.151,
7/18/16,"11,157,747,892",1.151,
7/19/16,"11,157,747,892",1.151,
7/20/16,"11,157,747,892",1.151,
7/21/16,"11,157,747,892",1.151,
7/22/16,"11,157,747,892",1.151,
7/25/16,"11,157,747,892",1.151,
7/26/16,"11,157,747,892",1.151,
7/27/16,"11,157,747,892",1.151,
7/28/16,"11,157,747,892",1.151,
7/29/16,"11,157,747,892",1.151,
8/1/16,"11,157,747,892",1.151,
8/2/16,"11,157,747,892",1.151,
8/3/16,"11,157,747,892",1.151,
8/4/16,"11,157,747,892",1.151,
8/5/16,"11,157,747,892",1.151,
8/8/16,"11,157,747,892",1.151,
8/9/16,"11,157,747,892",1.151,
8/10/16,"11,157,747,892",1.151,
8/11/16,"11,157,747,892",1.151,
8/12/16,"11,157,747,892",1.151,
8/15/16,"11,157,747,892",1.151,
8/16/16,"11,157,747,892",1.151,
8/17/16,"11,157,747,892",1.151,
8/18/16,"11,157,747,892",1.151,
8/19/16,"11,157,747,892",1.151,
8/22/16,"11,157,747,892",1.151,
8/23/16,"11,157,747,892",1.151,
8/24/16,"11,157,747,892",1.151,
8/25/16,"11,157,747,892",1.151,
8/26/16,"11,157,747,892",1.151,
8/29/16,"11,157,747,892",1.151,
8/30/16,"11,157,747,892",1.151,
8/31/16,"11,157,747,892",1.151,
9/1/16,"11,157,747,892",1.151,
9/2/16,"11,157,747,892",1.151,
9/5/16,"11,157,747,892",1.151,
9/6/16,"11,157,747,892",1.151,
9/7/16,"11,157,747,892",1.151,
9/8/16,"11,157,747,892",1.151,
9/9/16,"11,157,747,892",1.151,
9/12/16,"11,157,747,892",1.151,
9/13/16,"11,157,747,892",1.151,
9/14/16,"11,157,747,892",1.151,
9/15/16,"11,157,747,892",1.151,
9/16/16,"11,157,747,892",1.151,
9/19/16,"11,157,747,892",1.151,
9/20/16,"11,157,747,892",1.151,
9/21/16,"11,157,747,892",1.151,
9/22/16,"11,157,747,892",1.151,
9/23/16,"11,157,747,892",1.151,
9/26/16,"11,157,747,892",1.151,
9/27/16,"11,157,747,892",1.151,
9/28/16,"11,157,747,892",1.151,
9/29/16,"11,157,747,892",1.151,
9/30/16,"11,157,747,892",1.151,
10/3/16,"11,157,747,892",1.151,
10/4/16,"11,157,747,892",1.151,
10/5/16,"11,157,747,892",1.151,
10/6/16,"11,157,747,892",1.151,
10/7/16,"11,157,747,892",1.151,
10/10/16,"11,157,747,892",1.151,
10/11/16,"11,157,747,892",1.151,
10/12/16,"11,157,747,892",1.151,
10/13/16,"11,157,747,892",1.151,
10/14/16,"11,157,747,892",1.151,
10/17/16,"11,157,747,892",1.151,
10/18/16,"11,157,747,892",1.151,
10/19/16,"11,157,747,892",1.151,
10/20/16,"11,157,747,892",1.151,
10/21/16,"11,157,747,892",1.151,
10/24/16,"11,157,747,892",1.151,
10/25/16,"11,157,747,892",1.151,
10/26/16,"11,157,747,892",1.151,
10/27/16,"11,157,747,892",1.151,
10/28/16,"11,157,747,892",1.151,
10/31/16,"11,157,747,892",1.151,
11/1/16,"11,157,747,892",1.151,
11/2/16,"11,157,747,892",1.151,
11/3/16,"11,157,747,892",1.151,
11/4/16,"11,157,747,892",1.151,
11/7/16,"11,157,747,892",1.151,
11/8/16,"11,157,747,892",1.151,
11/9/16,"11,157,747,892",1.151,
11/10/16,"11,157,747,892",1.151,
11/11/16,"11,157,747,892",1.151,
11/14/16,"11,157,747,892",1.151,
11/15/16,"11,157,747,892",1.151,
11/16/16,"11,157,747,892",1.151,
11/17/16,"11,157,747,892",1.151,
11/18/16,"11,157,747,892",1.151,
11/21/16,"11,157,747,892",1.151,
11/22/16,"11,157,747,892",1.151,
11/23/16,"11,157,747,892",1.151,
11/24/16,"11,157,747,892",1.151,
11/25/16,"11,157,747,892",1.151,
11/28/16,"11,157,747,892",1.151,
11/29/16,"11,157,747,892",1.151,
11/30/16,"11,157,747,892",1.151,
12/1/16,"11,157,747,892",1.151,
12/2/16,"11,157,747,892",1.151,
12/5/16,"11,157,747,892",1.151,
12/6/16,"11,157,747,892",1.151,
12/7/16,"11,157,747,892",1.151,
12/8/16,"11,157,747,892",1.151,
12/9/16,"11,157,747,892",1.151,
12/12/16,"11,157,747,892",1.151,
12/13/16,"11,157,747,892",1.151,
12/14/16,"11,157,747,892",1.151,
12/15/16,"11,157,747,892",1.151,
12/16/16,"11,157,747,892",1.151,
12/19/16,"11,157,747,892",1.151,
12/20/16,"11,157,747,892",1.151,
12/21/16,"11,157,747,892",1.151,
12/22/16,"11,157,747,892",1.151,
12/23/16,"11,157,747,892",1.151,
12/26/16,"11,157,747,892",1.151,
12/27/16,"11,157,747,892",1.151,
12/28/16,"11,157,747,892",1.151,
12/29/16,"11,157,747,892",1.151,
12/30/16,"11,157,747,892",1.151,
1/2/17,"11,157,747,892",1.151,
1/3/17,"11,157,747,892",1.151,
1/4/17,"11,157,747,892",1.151,
1/5/17,"11,157,747,892",1.151,
1/6/17,"11,157,747,892",1.151,
1/9/17,"11,157,747,892",1.151,
1/10/17,"11,157,747,892",1.151,
1/11/17,"11,157,747,892",1.151,
1/12/17,"11,157,747,892",1.151,
1/13/17,"11,157,747,892",1.151,
1/16/17,"11,157,747,892",1.151,
1/17/17,"11,157,747,892",1.151,
1/18/17,"11,157,747,892",1.151,
1/19/17,"11,157,747,892",1.151,
1/20/17,"11,157,747,892",1.151,
1/23/17,"11,157,747,892",1.151,
1/24/17,"11,157,747,892",1.151,
1/25/17,"11,157,747,892",1.151,
1/26/17,"11,157,747,892",1.151,
1/27/17,"11,157,747,892",1.151,
1/30/17,"11,157,747,892",1.151,
1/31/17,"11,157,747,892",1.151,
2/1/17,"11,157,747,892",1.151,
2/2/17,"11,157,747,892",1.151,
2/3/17,"11,157,747,892",1.151,
2/6/17,"11,157,747,892",1.151,
2/7/17,"11,157,747,892",1.151,
2/8/17,"11,157,747,892",1.151,
2/9/17,"11,157,747,892",1.151,
2/10/17,"11,157,747,892",1.151,
2/13/17,"11,157,747,892",1.151,
2/14/17,"11,157,747,892",1.151,
2/15/17,"11,157,747,892",1.151,
2/16/17,"11,157,747,892",1.151,
2/17/17,"11,157,747,892",1.151,
2/20/17,"11,157,747,892",1.151,
2/21/17,"11,157,747,892",1.151,
2/22/17,"11,157,747,892",1.151,
2/23/17,"11,157,747,892",1.151,
2/24/17,"11,157,747,892",1.151,
2/27/17,"11,157,747,892",1.151,
2/28/17,"11,157,747,892",1.151,
3/1/17,"11,157,747,892",1.151,
3/2/17,"11,157,747,892",1.151,
3/3/17,"11,157,747,892",1.151,
3/6/17,"11,157,747,892",1.151,
3/7/17,"11,157,747,892",1.151,
3/8/17,"11,157,747,892",1.151,
3/9/17,"11,157,747,892",1.151,
3/10/17,"11,157,747,892",1.151,
3/13/17,"11,157,747,892",1.151,
3/14/17,"11,157,747,892",1.151,
3/15/17,"11,157,747,892",1.151,
3/16/17,"11,157,747,892",1.151,
3/17/17,"11,157,747,892",1.151,
3/20/17,"11,157,747,892",1.151,
3/21/17,"11,157,747,892",1.151,
3/22/17,"11,157,747,892",1.151,
3/23/17,"11,157,747,892",1.151,
3/24/17,"11,157,747,892",1.151,
3/27/17,"11,157,747,892",1.151,
3/28/17,"11,157,747,892",1.151,
3/29/17,"11,157,747,892",1.151,
3/30/17,"11,157,747,892",1.151,
3/31/17,"10,403,378,521",1.139,
4/3/17,"10,403,378,521",1.139,
4/4/17,"10,403,378,521",1.139,
4/5/17,"10,403,378,521",1.139,
4/6/17,"10,403,378,521",1.139,
4/7/17,"10,403,378,521",1.139,
4/10/17,"10,403,378,521",1.139,
4/11/17,"10,403,378,521",1.139,
4/12/17,"10,403,378,521",1.139,
4/13/17,"10,403,378,521",1.139,
4/14/17,"10,403,378,521",1.139,
4/17/17,"10,403,378,521",1.139,
4/18/17,"10,403,378,521",1.139,
4/19/17,"10,403,378,521",1.139,
4/20/17,"10,403,378,521",1.139,
4/21/17,"10,403,378,521",1.139,
4/24/17,"10,403,378,521",1.139,
4/25/17,"10,403,378,521",1.139,
4/26/17,"10,403,378,521",1.139,
4/27/17,"10,403,378,521",1.139,
4/28/17,"10,403,378,521",1.139,
5/1/17,"10,403,378,521",1.139,
5/2/17,"10,403,378,521",1.139,
5/3/17,"10,403,378,521",1.139,
5/4/17,"10,403,378,521",1.139,
5/5/17,"10,403,378,521",1.139,
5/8/17,"10,403,378,521",1.139,
5/9/17,"10,403,378,521",1.139,
5/10/17,"10,403,378,521",1.139,
5/11/17,"10,403,378,521",1.139,
5/12/17,"10,403,378,521",1.139,
5/15/17,"10,403,378,521",1.139,
5/16/17,"10,403,378,521",1.139,
5/17/17,"10,403,378,521",1.139,
5/18/17,"10,403,378,521",1.139,
5/19/17,"10,403,378,521",1.139,
5/22/17,"10,403,378,521",1.139,
5/23/17,"10,403,378,521",1.139,
5/24/17,"10,403,378,521",1.139,
5/25/17,"10,403,378,521",1.139,
5/26/17,"10,403,378,521",1.139,
5/29/17,"10,403,378,521",1.139,
5/30/17,"10,403,378,521",1.139,
5/31/17,"10,403,378,521",1.139,
6/1/17,"10,403,378,521",1.139,
6/2/17,"10,403,378,521",1.139,
6/5/17,"10,403,378,521",1.139,
6/6/17,"10,403,378,521",1.139,
6/7/17,"10,403,378,521",1.139,
6/8/17,"10,403,378,521",1.139,
6/9/17,"10,403,378,521",1.139,
6/12/17,"10,403,378,521",1.139,
6/13/17,"10,403,378,521",1.139,
6/14/17,"10,403,378,521",1.139,
6/15/17,"10,403,378,521",1.139,
6/16/17,"10,403,378,521",1.139,
6/19/17,"10,403,378,521",1.139,
6/20/17,"10,403,378,521",1.139,
6/21/17,"10,403,378,521",1.139,
6/22/17,"10,403,378,521",1.139,
6/23/17,"10,403,378,521",1.139,
6/26/17,"10,403,378,521",1.139,
6/27/17,"10,403,378,521",1.139,
6/28/17,"10,403,378,521",1.139,
6/29/17,"10,403,378,521",1.139,
6/30/17,"10,403,378,521",1.139,
7/3/17,"10,403,378,521",1.139,
7/4/17,"10,403,378,521",1.139,
7/5/17,"10,403,378,521",1.139,
7/6/17,"10,403,378,521",1.139,
7/7/17,"10,403,378,521",1.139,
7/10/17,"10,403,378,521",1.139,
7/11/17,"10,403,378,521",1.139,
7/12/17,"10,403,378,521",1.139,
7/13/17,"10,403,378,521",1.139,
7/14/17,"10,403,378,521",1.139,
7/17/17,"10,403,378,521",1.139,
7/18/17,"10,403,378,521",1.139,
7/19/17,"10,403,378,521",1.139,
7/20/17,"10,403,378,521",1.139,
7/21/17,"10,403,378,521",1.139,
7/24/17,"10,403,378,521",1.139,
7/25/17,"10,403,378,521",1.139,
7/26/17,"10,403,378,521",1.139,
7/27/17,"10,403,378,521",1.139,
7/28/17,"10,403,378,521",1.139,
7/31/17,"10,403,378,521",1.139,
8/1/17,"10,403,378,521",1.139,
8/2/17,"10,403,378,521",1.139,
8/3/17,"10,403,378,521",1.139,
8/4/17,"10,403,378,521",1.139,
8/7/17,"10,403,378,521",1.139,
8/8/17,"10,403,378,521",1.139,
8/9/17,"10,403,378,521",1.139,
8/10/17,"10,403,378,521",1.139,
8/11/17,"10,403,378,521",1.139,
8/14/17,"10,403,378,521",1.139,
8/15/17,"10,403,378,521",1.139,
8/16/17,"10,403,378,521",1.139,
8/17/17,"10,403,378,521",1.139,
8/18/17,"10,403,378,521",1.139,
8/21/17,"10,403,378,521",1.139,
8/22/17,"10,403,378,521",1.139,
8/23/17,"10,403,378,521",1.139,
8/24/17,"10,403,378,521",1.139,
8/25/17,"10,403,378,521",1.139,
8/28/17,"10,403,378,521",1.139,
8/29/17,"10,403,378,521",1.139,
8/30/17,"10,403,378,521",1.139,
8/31/17,"10,403,378,521",1.139,
9/1/17,"10,403,378,521",1.139,
9/4/17,"10,403,378,521",1.139,
9/5/17,"10,403,378,521",1.139,
9/6/17,"10,403,378,521",1.139,
9/7/17,"10,403,378,521",1.139,
9/8/17,"10,403,378,521",1.139,
9/11/17,"10,403,378,521",1.139,
9/12/17,"10,403,378,521",1.139,
9/13/17,"10,403,378,521",1.139,
9/14/17,"10,403,378,521",1.139,
9/15/17,"10,403,378,521",1.139,
9/18/17,"10,403,378,521",1.139,
9/19/17,"10,403,378,521",1.139,
9/20/17,"10,403,378,521",1.139,
9/21/17,"10,403,378,521",1.139,
9/22/17,"10,403,378,521",1.139,
9/25/17,"10,403,378,521",1.139,
9/26/17,"10,403,378,521",1.139,
9/27/17,"10,403,378,521",1.139,
9/28/17,"10,403,378,521",1.139,
9/29/17,"10,403,378,521",1.139,
10/2/17,"10,403,378,521",1.139,
10/3/17,"10,403,378,521",1.139,
10/4/17,"10,403,378,521",1.139,
10/5/17,"10,403,378,521",1.139,
10/6/17,"10,403,378,521",1.139,
10/9/17,"10,403,378,521",1.139,
10/10/17,"10,403,378,521",1.139,
10/11/17,"10,403,378,521",1.139,
10/12/17,"10,403,378,521",1.139,
10/13/17,"10,403,378,521",1.139,
10/16/17,"10,403,378,521",1.139,
10/17/17,"10,403,378,521",1.139,
10/18/17,"10,403,378,521",1.139,
10/19/17,"10,403,378,521",1.139,
10/20/17,"10,403,378,521",1.139,
10/23/17,"10,403,378,521",1.139,
10/24/17,"10,403,378,521",1.139,
10/25/17,"10,403,378,521",1.139,
10/26/17,"10,403,378,521",1.139,
10/27/17,"10,403,378,521",1.139,
10/30/17,"10,403,378,521",1.139,
10/31/17,"10,403,378,521",1.139,
11/1/17,"10,403,378,521",1.139,
11/2/17,"10,403,378,521",1.139,
11/3/17,"10,403,378,521",1.139,
11/6/17,"10,403,378,521",1.139,
11/7/17,"10,403,378,521",1.139,
11/8/17,"10,403,378,521",1.139,
11/9/17,"10,403,378,521",1.139,
11/10/17,"10,403,378,521",1.139,
11/13/17,"10,403,378,521",1.139,
11/14/17,"10,403,378,521",1.139,
11/15/17,"10,403,378,521",1.139,
11/16/17,"10,403,378,521",1.139,
11/17/17,"10,403,378,521",1.139,
11/20/17,"10,403,378,521",1.139,
11/21/17,"10,403,378,521",1.139,
11/22/17,"10,403,378,521",1.139,
11/23/17,"10,403,378,521",1.139,
11/24/17,"10,403,378,521",1.139,
11/27/17,"10,403,378,521",1.139,
11/28/17,"10,403,378,521",1.139,
11/29/17,"10,403,378,521",1.139,
11/30/17,"10,403,378,521",1.139,
12/1/17,"10,403,378,521",1.139,
12/4/17,"10,403,378,521",1.139,
12/5/17,"10,403,378,521",1.139,
12/6/17,"10,403,378,521",1.139,
12/7/17,"10,403,378,521",1.139,
12/8/17,"10,403,378,521",1.139,
12/11/17,"10,403,378,521",1.139,
12/12/17,"10,403,378,521",1.139,
12/13/17,"10,403,378,521",1.139,
12/14/17,"10,403,378,521",1.139,
12/15/17,"10,403,378,521",1.139,
12/18/17,"10,403,378,521",1.139,
12/19/17,"10,403,378,521",1.139,
12/20/17,"10,403,378,521",1.139,
12/21/17,"10,403,378,521",1.139,
12/22/17,"10,403,378,521",1.139,
12/25/17,"10,403,378,521",1.139,
12/26/17,"10,403,378,521",1.139,
12/27/17,"10,403,378,521",1.139,
12/28/17,"10,403,378,521",1.139,
12/29/17,"10,403,378,521",1.139,
1/1/18,"10,403,378,521",1.139,
1/2/18,"10,403,378,521",1.139,
1/3/18,"10,403,378,521",1.139,
1/4/18,"10,403,378,521",1.139,
1/5/18,"10,403,378,521",1.139,
1/8/18,"10,403,378,521",1.139,
1/9/18,"10,403,378,521",1.139,
1/10/18,"10,403,378,521",1.139,
1/11/18,"10,403,378,521",1.139,
1/12/18,"10,403,378,521",1.139,
1/15/18,"10,403,378,521",1.139,
1/16/18,"10,403,378,521",1.139,
1/17/18,"10,403,378,521",1.139,
1/18/18,"10,403,378,521",1.139,
1/19/18,"10,403,378,521",1.139,
1/22/18,"10,403,378,521",1.139,
1/23/18,"10,403,378,521",1.139,
1/24/18,"10,403,378,521",1.139,
1/25/18,"10,403,378,521",1.139,
1/26/18,"10,403,378,521",1.139,
1/29/18,"10,403,378,521",1.139,
1/30/18,"10,403,378,521",1.139,
1/31/18,"10,403,378,521",1.139,
2/1/18,"10,403,378,521",1.139,
2/2/18,"10,403,378,521",1.139,
2/5/18,"10,403,378,521",1.139,
2/6/18,"10,403,378,521",1.139,
2/7/18,"10,403,378,521",1.139,
2/8/18,"10,403,378,521",1.139,
2/9/18,"10,403,378,521",1.139,
2/12/18,"10,403,378,521",1.139,
2/13/18,"10,403,378,521",1.139,
2/14/18,"10,403,378,521",1.139,
2/15/18,"10,403,378,521",1.139,
2/16/18,"10,403,378,521",1.139,
2/19/18,"10,403,378,521",1.139,
2/20/18,"10,403,378,521",1.139,
2/21/18,"10,403,378,521",1.139,
2/22/18,"10,403,378,521",1.139,
2/23/18,"10,403,378,521",1.139,
2/26/18,"10,403,378,521",1.139,
2/27/18,"10,403,378,521",1.139,
2/28/18,"10,403,378,521",1.139,
3/1/18,"10,403,378,521",1.139,
3/2/18,"10,403,378,521",1.139,
3/5/18,"10,403,378,521",1.139,
3/6/18,"10,403,378,521",1.139,
3/7/18,"10,403,378,521",1.139,
3/8/18,"10,403,378,521",1.139,
3/9/18,"10,403,378,521",1.139,
3/12/18,"10,403,378,521",1.139,
3/13/18,"10,403,378,521",1.139,
3/14/18,"10,403,378,521",1.139,
3/15/18,"10,403,378,521",1.139,
3/16/18,"10,403,378,521",1.139,
3/19/18,"10,403,378,521",1.139,
3/20/18,"10,403,378,521",1.139,
3/21/18,"10,403,378,521",1.139,
3/22/18,"10,403,378,521",1.139,
3/23/18,"10,403,378,521",1.139,
3/26/18,"10,403,378,521",1.139,
3/27/18,"10,403,378,521",1.139,
3/28/18,"10,403,378,521",1.139,
3/29/18,"10,403,378,521",1.139,
3/30/18,"10,403,378,521",1.139,
4/2/18,"12,097,985,881",1.141,
4/3/18,"12,097,985,881",1.141,
4/4/18,"12,097,985,881",1.141,
4/5/18,"12,097,985,881",1.141,
4/6/18,"12,097,985,881",1.141,
4/9/18,"12,097,985,881",1.141,
4/10/18,"12,097,985,881",1.141,
4/11/18,"12,097,985,881",1.141,
4/12/18,"12,097,985,881",1.141,
4/13/18,"12,097,985,881",1.141,
4/16/18,"12,097,985,881",1.141,
4/17/18,"12,097,985,881",1.141,
4/18/18,"12,097,985,881",1.141,
4/19/18,"12,097,985,881",1.141,
4/20/18,"12,097,985,881",1.141,
4/23/18,"12,097,985,881",1.141,
4/24/18,"12,097,985,881",1.141,
4/25/18,"12,097,985,881",1.141,
4/26/18,"12,097,985,881",1.141,
4/27/18,"12,097,985,881",1.141,
4/30/18,"12,097,985,881",1.141,
5/1/18,"12,097,985,881",1.141,
5/2/18,"12,097,985,881",1.141,
5/3/18,"12,097,985,881",1.141,
5/4/18,"12,097,985,881",1.141,
5/7/18,"12,097,985,881",1.141,
5/8/18,"12,097,985,881",1.141,
5/9/18,"12,097,985,881",1.141,
5/10/18,"12,097,985,881",1.141,
5/11/18,"12,097,985,881",1.141,
5/14/18,"12,097,985,881",1.141,
5/15/18,"12,097,985,881",1.141,
5/16/18,"12,097,985,881",1.141,
5/17/18,"12,097,985,881",1.141,
5/18/18,"12,097,985,881",1.141,
5/21/18,"12,097,985,881",1.141,
5/22/18,"12,097,985,881",1.141,
5/23/18,"12,097,985,881",1.141,
5/24/18,"12,097,985,881",1.141,
5/25/18,"12,097,985,881",1.141,
5/28/18,"12,097,985,881",1.141,
5/29/18,"12,097,985,881",1.141,
5/30/18,"12,097,985,881",1.141,
5/31/18,"12,097,985,881",1.141,
6/1/18,"12,097,985,881",1.141,
6/4/18,"12,097,985,881",1.141,
6/5/18,"12,097,985,881",1.141,
6/6/18,"12,097,985,881",1.141,
6/7/18,"12,097,985,881",1.141,
6/8/18,"12,097,985,881",1.141,
6/11/18,"12,097,985,881",1.141,
6/12/18,"12,097,985,881",1.141,
6/13/18,"12,097,985,881",1.141,
6/14/18,"12,097,985,881",1.141,
6/15/18,"12,097,985,881",1.141,
6/18/18,"12,097,985,881",1.141,
6/19/18,"12,097,985,881",1.141,
6/20/18,"12,097,985,881",1.141,
6/21/18,"12,097,985,881",1.141,
6/22/18,"12,097,985,881",1.141,
6/25/18,"12,097,985,881",1.141,
6/26/18,"12,097,985,881",1.141,
6/27/18,"12,097,985,881",1.141,
6/28/18,"12,097,985,881",1.141,
6/29/18,"12,097,985,881",1.141,
7/2/18,"12,097,985,881",1.141,
7/3/18,"12,097,985,881",1.141,
7/4/18,"12,097,985,881",1.141,
7/5/18,"12,097,985,881",1.141,
7/6/18,"12,097,985,881",1.141,
7/9/18,"12,097,985,881",1.141,
7/10/18,"12,097,985,881",1.141,
7/11/18,"12,097,985,881",1.141,
7/12/18,"12,097,985,881",1.141,
7/13/18,"12,097,985,881",1.141,
7/16/18,"12,097,985,881",1.141,
7/17/18,"12,097,985,881",1.141,
7/18/18,"12,097,985,881",1.141,
7/19/18,"12,097,985,881",1.141,
7/20/18,"12,097,985,881",1.141,
7/23/18,"12,097,985,881",1.141,
7/24/18,"12,097,985,881",1.141,
7/25/18,"12,097,985,881",1.141,
7/26/18,"12,097,985,881",1.141,
7/27/18,"12,097,985,881",1.141,
7/30/18,"12,097,985,881",1.141,
7/31/18,"12,097,985,881",1.141,
8/1/18,"12,097,985,881",1.141,
8/2/18,"12,097,985,881",1.141,
8/3/18,"12,097,985,881",1.141,
8/6/18,"12,097,985,881",1.141,
8/7/18,"12,097,985,881",1.141,
8/8/18,"12,097,985,881",1.141,
8/9/18,"12,097,985,881",1.141,
8/10/18,"12,097,985,881",1.141,
8/13/18,"12,097,985,881",1.141,
8/14/18,"12,097,985,881",1.141,
8/15/18,"12,097,985,881",1.141,
8/16/18,"12,097,985,881",1.141,
8/17/18,"12,097,985,881",1.141,
8/20/18,"12,097,985,881",1.141,
8/21/18,"12,097,985,881",1.141,
8/22/18,"12,097,985,881",1.141,
8/23/18,"12,097,985,881",1.141,
8/24/18,"12,097,985,881",1.141,
8/27/18,"12,097,985,881",1.141,
8/28/18,"12,097,985,881",1.141,
8/29/18,"12,097,985,881",1.141,
8/30/18,"12,097,985,881",1.141,
8/31/18,"12,097,985,881",1.141,
9/3/18,"12,097,985,881",1.141,
9/4/18,"12,097,985,881",1.141,
9/5/18,"12,097,985,881",1.141,
9/6/18,"12,097,985,881",1.141,
9/7/18,"12,097,985,881",1.141,
9/10/18,"12,097,985,881",1.141,
9/11/18,"12,097,985,881",1.141,
9/12/18,"12,097,985,881",1.141,
9/13/18,"12,097,985,881",1.141,
9/14/18,"12,097,985,881",1.141,
9/17/18,"12,097,985,881",1.141,
9/18/18,"12,097,985,881",1.141,
9/19/18,"12,097,985,881",1.141,
9/20/18,"12,097,985,881",1.141,
9/21/18,"12,097,985,881",1.141,
9/24/18,"12,097,985,881",1.141,
9/25/18,"12,097,985,881",1.141,
9/26/18,"12,097,985,881",1.141,
9/27/18,"12,097,985,881",1.141,
9/28/18,"12,097,985,881",1.141,
10/1/18,"12,097,985,881",1.141,
10/2/18,"12,097,985,881",1.141,
10/3/18,"12,097,985,881",1.141,
10/4/18,"12,097,985,881",1.141,
10/5/18,"12,097,985,881",1.141,
10/8/18,"12,097,985,881",1.141,
10/9/18,"12,097,985,881",1.141,
10/10/18,"12,097,985,881",1.141,
10/11/18,"12,097,985,881",1.141,
10/12/18,"12,097,985,881",1.141,
10/15/18,"12,097,985,881",1.141,
10/16/18,"12,097,985,881",1.141,
10/17/18,"12,097,985,881",1.141,
10/18/18,"12,097,985,881",1.141,
10/19/18,"12,097,985,881",1.141,
10/22/18,"12,097,985,881",1.141,
10/23/18,"12,097,985,881",1.141,
10/24/18,"12,097,985,881",1.141,
10/25/18,"12,097,985,881",1.141,
10/26/18,"12,097,985,881",1.141,
10/29/18,"12,097,985,881",1.141,
10/30/18,"12,097,985,881",1.141,
10/31/18,"12,097,985,881",1.141,
11/1/18,"12,097,985,881",1.141,
11/2/18,"12,097,985,881",1.141,
11/5/18,"12,097,985,881",1.141,
11/6/18,"12,097,985,881",1.141,
11/7/18,"12,097,985,881",1.141,
11/8/18,"12,097,985,881",1.141,
11/9/18,"12,097,985,881",1.141,
11/12/18,"12,097,985,881",1.141,
11/13/18,"12,097,985,881",1.141,
11/14/18,"12,097,985,881",1.141,
11/15/18,"12,097,985,881",1.141,
11/16/18,"12,097,985,881",1.141,
11/19/18,"12,097,985,881",1.141,
11/20/18,"12,097,985,881",1.141,
11/21/18,"12,097,985,881",1.141,
11/22/18,"12,097,985,881",1.141,
11/23/18,"12,097,985,881",1.141,
11/26/18,"12,097,985,881",1.141,
11/27/18,"12,097,985,881",1.141,
11/28/18,"12,097,985,881",1.141,
11/29/18,"12,097,985,881",1.141,
11/30/18,"12,097,985,881",1.141,
12/3/18,"12,097,985,881",1.141,
12/4/18,"12,097,985,881",1.141,
12/5/18,"12,097,985,881",1.141,
12/6/18,"12,097,985,881",1.141,
12/7/18,"12,097,985,881",1.141,
12/10/18,"12,097,985,881",1.141,
12/11/18,"12,097,985,881",1.141,
12/12/18,"12,097,985,881",1.141,
12/13/18,"12,097,985,881",1.141,
12/14/18,"12,097,985,881",1.141,
12/17/18,"12,097,985,881",1.141,
12/18/18,"12,097,985,881",1.141,
12/19/18,"12,097,985,881",1.141,
12/20/18,"12,097,985,881",1.141,
12/21/18,"12,097,985,881",1.141,
12/24/18,"12,097,985,881",1.141,
12/25/18,"12,097,985,881",1.141,
12/26/18,"12,097,985,881",1.141,
12/27/18,"12,097,985,881",1.141,
12/28/18,"12,097,985,881",1.141,
12/31/18,"12,097,985,881",1.141,
1/1/19,"12,097,985,881",1.141,
1/2/19,"12,097,985,881",1.141,
1/3/19,"12,097,985,881",1.141,
1/4/19,"12,097,985,881",1.141,
1/7/19,"12,097,985,881",1.141,
1/8/19,"12,097,985,881",1.141,
1/9/19,"12,097,985,881",1.141,
1/10/19,"12,097,985,881",1.141,
1/11/19,"12,097,985,881",1.141,
1/14/19,"12,097,985,881",1.141,
1/15/19,"12,097,985,881",1.141,
1/16/19,"12,097,985,881",1.141,
1/17/19,"12,097,985,881",1.141,
1/18/19,"12,097,985,881",1.141,
1/21/19,"12,097,985,881",1.141,
1/22/19,"12,097,985,881",1.141,
1/23/19,"12,097,985,881",1.141,
1/24/19,"12,097,985,881",1.141,
1/25/19,"12,097,985,881",1.141,
1/28/19,"12,097,985,881",1.141,
1/29/19,"12,097,985,881",1.141,
1/30/19,"12,097,985,881",1.141,
1/31/19,"12,097,985,881",1.141,
2/1/19,"12,097,985,881",1.141,
2/4/19,"12,097,985,881",1.141,
2/5/19,"12,097,985,881",1.141,
2/6/19,"12,097,985,881",1.141,
2/7/19,"12,097,985,881",1.141,
2/8/19,"12,097,985,881",1.141,
2/11/19,"12,097,985,881",1.141,
2/12/19,"12,097,985,881",1.141,
2/13/19,"12,097,985,881",1.141,
2/14/19,"12,097,985,881",1.141,
2/15/19,"12,097,985,881",1.141,
2/18/19,"12,097,985,881",1.141,
2/19/19,"12,097,985,881",1.141,
2/20/19,"12,097,985,881",1.141,
2/21/19,"12,097,985,881",1.141,
2/22/19,"12,097,985,881",1.141,
2/25/19,"12,097,985,881",1.141,
2/26/19,"12,097,985,881",1.141,
2/27/19,"12,097,985,881",1.141,
2/28/19,"12,097,985,881",1.141,
3/1/19,"12,097,985,881",1.141,
3/4/19,"12,097,985,881",1.141,
3/5/19,"12,097,985,881",1.141,
3/6/19,"12,097,985,881",1.141,
3/7/19,"12,097,985,881",1.141,
3/8/19,"12,097,985,881",1.141,
3/11/19,"12,097,985,881",1.141,
3/12/19,"12,097,985,881",1.141,
3/13/19,"12,097,985,881",1.141,
3/14/19,"12,097,985,881",1.141,
3/15/19,"12,097,985,881",1.141,
3/18/19,"12,097,985,881",1.141,
3/19/19,"12,097,985,881",1.141,
3/20/19,"12,097,985,881",1.141,
3/21/19,"12,097,985,881",1.141,
3/22/19,"12,097,985,881",1.141,
3/25/19,"12,097,985,881",1.141,
3/26/19,"12,097,985,881",1.141,
3/27/19,"12,097,985,881",1.141,
3/28/19,"12,097,985,881",1.141,
3/29/19,"12,097,985,881",1.141,
4/1/19,"12,170,725,714",1.206,
4/2/19,"12,170,725,714",1.206,
4/3/19,"12,170,725,714",1.206,
4/4/19,"12,170,725,714",1.206,
4/5/19,"12,170,725,714",1.206,
4/8/19,"12,170,725,714",1.206,
4/9/19,"12,170,725,714",1.206,
4/10/19,"12,170,725,714",1.206,
4/11/19,"12,170,725,714",1.206,
4/12/19,"12,170,725,714",1.206,
4/15/19,"12,170,725,714",1.206,
4/16/19,"12,170,725,714",1.206,
4/17/19,"12,170,725,714",1.206,
4/18/19,"12,170,725,714",1.206,
4/19/19,"12,170,725,714",1.206,
4/22/19,"12,170,725,714",1.206,
4/23/19,"12,170,725,714",1.206,
4/24/19,"12,170,725,714",1.206,
4/25/19,"12,170,725,714",1.206,
4/26/19,"12,170,725,714",1.206,
4/29/19,"12,170,725,714",1.206,
4/30/19,"12,170,725,714",1.206,
5/1/19,"12,170,725,714",1.206,
5/2/19,"12,170,725,714",1.206,
5/3/19,"12,170,725,714",1.206,
5/6/19,"12,170,725,714",1.206,
5/7/19,"12,170,725,714",1.206,
5/8/19,"12,170,725,714",1.206,
5/9/19,"12,170,725,714",1.206,
5/10/19,"12,170,725,714",1.206,
5/13/19,"12,170,725,714",1.206,
5/14/19,"12,170,725,714",1.206,
5/15/19,"12,170,725,714",1.206,
5/16/19,"12,170,725,714",1.206,
5/17/19,"12,170,725,714",1.206,
5/20/19,"12,170,725,714",1.206,
5/21/19,"12,170,725,714",1.206,
5/22/19,"12,170,725,714",1.206,
5/23/19,"12,170,725,714",1.206,
5/24/19,"12,170,725,714",1.206,
5/27/19,"12,170,725,714",1.206,
5/28/19,"12,170,725,714",1.206,
5/29/19,"12,170,725,714",1.206,
5/30/19,"12,170,725,714",1.206,
5/31/19,"12,170,725,714",1.206,
6/3/19,"12,170,725,714",1.206,
6/4/19,"12,170,725,714",1.206,
6/5/19,"12,170,725,714",1.206,
6/6/19,"12,170,725,714",1.206,
6/7/19,"12,170,725,714",1.206,
6/10/19,"12,170,725,714",1.206,
6/11/19,"12,170,725,714",1.206,
6/12/19,"12,170,725,714",1.206,
6/13/19,"12,170,725,714",1.206,
6/14/19,"12,170,725,714",1.206,
6/17/19,"12,170,725,714",1.206,
6/18/19,"12,170,725,714",1.206,
6/19/19,"12,170,725,714",1.206,
6/20/19,"12,170,725,714",1.206,
6/21/19,"12,170,725,714",1.206,
6/24/19,"12,170,725,714",1.206,
6/25/19,"12,170,725,714",1.206,
6/26/19,"12,170,725,714",1.206,
6/27/19,"12,170,725,714",1.206,
6/28/19,"12,170,725,714",1.206,
7/1/19,"12,170,725,714",1.206,
7/2/19,"12,170,725,714",1.206,
7/3/19,"12,170,725,714",1.206,
7/4/19,"12,170,725,714",1.206,
7/5/19,"12,170,725,714",1.206,
7/8/19,"12,170,725,714",1.206,
7/9/19,"12,170,725,714",1.206,
7/10/19,"12,170,725,714",1.206,
7/11/19,"12,170,725,714",1.206,
7/12/19,"12,170,725,714",1.206,
7/15/19,"12,170,725,714",1.206,
7/16/19,"12,170,725,714",1.206,
7/17/19,"12,170,725,714",1.206,
7/18/19,"12,170,725,714",1.206,
7/19/19,"12,170,725,714",1.206,
7/22/19,"12,170,725,714",1.206,
7/23/19,"12,170,725,714",1.206,
7/24/19,"12,170,725,714",1.206,
7/25/19,"12,170,725,714",1.206,
7/26/19,"12,170,725,714",1.206,
7/29/19,"12,170,725,714",1.206,
7/30/19,"12,170,725,714",1.206,
7/31/19,"12,170,725,714",1.206,
8/1/19,"12,170,725,714",1.206,
8/2/19,"12,170,725,714",1.206,
8/3/19,"12,170,725,714",1.206,
8/4/19,"12,170,725,714",1.206,
8/5/19,"12,170,725,714",1.206,
8/6/19,"12,170,725,714",1.206,
8/7/19,"12,170,725,714",1.206,
8/8/19,"12,170,725,714",1.206,
8/9/19,"12,170,725,714",1.206,
8/10/19,"12,170,725,714",1.206,
8/11/19,"12,170,725,714",1.206,
8/12/19,"12,170,725,714",1.206,
8/13/19,"12,170,725,714",1.206,
8/14/19,"12,170,725,714",1.206,
8/15/19,"12,170,725,714",1.206,
8/16/19,"12,170,725,714",1.206,
8/17/19,"12,170,725,714",1.206,
8/18/19,"12,170,725,714",1.206,
8/19/19,"12,170,725,714",1.206,
8/20/19,"12,170,725,714",1.206,
8/21/19,"12,170,725,714",1.206,
8/22/19,"12,170,725,714",1.206,
8/23/19,"12,170,725,714",1.206,
8/24/19,"12,170,725,714",1.206,
8/25/19,"12,170,725,714",1.206,
8/26/19,"12,170,725,714",1.206,
8/27/19,"12,170,725,714",1.206,
8/28/19,"12,170,725,714",1.206,
8/29/19,"12,170,725,714",1.206,
8/30/19,"12,170,725,714",1.206,
8/31/19,"12,170,725,714",1.206,
9/1/19,"12,170,725,714",1.206,
9/2/19,"12,170,725,714",1.206,
9/3/19,"12,170,725,714",1.206,
9/4/19,"12,170,725,714",1.206,
9/5/19,"12,170,725,714",1.206,
9/6/19,"12,170,725,714",1.206,
9/7/19,"12,170,725,714",1.206,
9/8/19,"12,170,725,714",1.206,
9/9/19,"12,170,725,714",1.206,
9/10/19,"12,170,725,714",1.206,
9/11/19,"12,170,725,714",1.206,
9/12/19,"12,170,725,714",1.206,
9/13/19,"12,170,725,714",1.206,
9/14/19,"12,170,725,714",1.206,
9/15/19,"12,170,725,714",1.206,
9/16/19,"12,170,725,714",1.206,
9/17/19,"12,170,725,714",1.206,
9/18/19,"12,170,725,714",1.206,
9/19/19,"12,170,725,714",1.206,
9/20/19,"12,170,725,714",1.206,
9/21/19,"12,170,725,714",1.206,
9/22/19,"12,170,725,714",1.206,
9/23/19,"12,170,725,714",1.206,
9/24/19,"12,170,725,714",1.206,
9/25/19,"12,170,725,714",1.206,
9/26/19,"12,170,725,714",1.206,
9/27/19,"12,170,725,714",1.206,
9/28/19,"12,170,725,714",1.206,
9/29/19,"12,170,725,714",1.206,
9/30/19,"12,170,725,714",1.206,
10/1/19,"12,170,725,714",1.206,
10/2/19,"12,170,725,714",1.206,
10/3/19,"12,170,725,714",1.206,
10/4/19,"12,170,725,714",1.206,
10/5/19,"12,170,725,714",1.206,
10/6/19,"12,170,725,714",1.206,
10/7/19,"12,170,725,714",1.206,
10/8/19,"12,170,725,714",1.206,
10/9/19,"12,170,725,714",1.206,
10/10/19,"12,170,725,714",1.206,
10/11/19,"12,170,725,714",1.206,
10/12/19,"12,170,725,714",1.206,
10/13/19,"12,170,725,714",1.206,
10/14/19,"12,170,725,714",1.206,
10/15/19,"12,170,725,714",1.206,
10/16/19,"12,170,725,714",1.206,
10/17/19,"12,170,725,714",1.206,
10/18/19,"12,170,725,714",1.206,
10/19/19,"12,170,725,714",1.206,
10/20/19,"12,170,725,714",1.206,
10/21/19,"12,170,725,714",1.206,
10/22/19,"12,170,725,714",1.206,
10/23/19,"12,170,725,714",1.206,
10/24/19,"12,170,725,714",1.206,
10/25/19,"12,170,725,714",1.206,
10/26/19,"12,170,725,714",1.206,
10/27/19,"12,170,725,714",1.206,
10/28/19,"12,170,725,714",1.206,
10/29/19,"12,170,725,714",1.206,
10/30/19,"12,170,725,714",1.206,
10/31/19,"12,170,725,714",1.206,
11/1/19,"12,170,725,714",1.206,
11/2/19,"12,170,725,714",1.206,
11/3/19,"12,170,725,714",1.206,
11/4/19,"12,170,725,714",1.206,
11/5/19,"12,170,725,714",1.206,
11/6/19,"12,170,725,714",1.206,
11/7/19,"12,170,725,714",1.206,
11/8/19,"12,170,725,714",1.206,
11/9/19,"12,170,725,714",1.206,
11/10/19,"12,170,725,714",1.206,
11/11/19,"12,170,725,714",1.206,
11/12/19,"12,170,725,714",1.206,
11/13/19,"12,170,725,714",1.206,
11/14/19,"12,170,725,714",1.206,
11/15/19,"12,170,725,714",1.206,
11/16/19,"12,170,725,714",1.206,
11/17/19,"12,170,725,714",1.206,
11/18/19,"12,170,725,714",1.206,
11/19/19,"12,170,725,714",1.206,
11/20/19,"12,170,725,714",1.206,
11/21/19,"12,170,725,714",1.206,
11/22/19,"12,170,725,714",1.206,
11/23/19,"12,170,725,714",1.206,
11/24/19,"12,170,725,714",1.206,
11/25/19,"12,170,725,714",1.206,
11/26/19,"12,170,725,714",1.206,
11/27/19,"12,170,725,714",1.206,
11/28/19,"12,170,725,714",1.206,
11/29/19,"12,170,725,714",1.206,
11/30/19,"12,170,725,714",1.206,
12/1/19,"12,170,725,714",1.206,
12/2/19,"12,170,725,714",1.206,
12/3/19,"12,170,725,714",1.206,
12/4/19,"12,170,725,714",1.206,
12/5/19,"12,170,725,714",1.206,
12/6/19,"12,170,725,714",1.206,
12/7/19,"12,170,725,714",1.206,
12/8/19,"12,170,725,714",1.206,
12/9/19,"12,170,725,714",1.206,
12/10/19,"12,170,725,714",1.206,
12/11/19,"12,170,725,714",1.206,
12/12/19,"12,170,725,714",1.206,
12/13/19,"12,170,725,714",1.206,
12/14/19,"12,170,725,714",1.206,
12/15/19,"12,170,725,714",1.206,
12/16/19,"12,170,725,714",1.206,
12/17/19,"12,170,725,714",1.206,
12/18/19,"12,170,725,714",1.206,
12/19/19,"12,170,725,714",1.206,
12/20/19,"12,170,725,714",1.206,
12/21/19,"12,170,725,714",1.206,
12/22/19,"12,170,725,714",1.206,
12/23/19,"12,170,725,714",1.206,
12/24/19,"12,170,725,714",1.206,
12/25/19,"12,170,725,714",1.206,
12/26/19,"12,170,725,714",1.206,
12/27/19,"12,170,725,714",1.206,
12/28/19,"12,170,725,714",1.206,
12/29/19,"12,170,725,714",1.206,
12/30/19,"12,170,725,714",1.206,
12/31/19,"12,170,725,714",1.206,
1/1/20,"12,170,725,714",1.206,
1/2/20,"12,170,725,714",1.206,
1/3/20,"12,170,725,714",1.206,
1/4/20,"12,170,725,714",1.206,
1/5/20,"12,170,725,714",1.206,
1/6/20,"12,170,725,714",1.206,
1/7/20,"12,170,725,714",1.206,
1/8/20,"12,170,725,714",1.206,
1/9/20,"12,170,725,714",1.206,
1/10/20,"12,170,725,714",1.206,
1/11/20,"12,170,725,714",1.206,
1/12/20,"12,170,725,714",1.206,
1/13/20,"12,170,725,714",1.206,
1/14/20,"12,170,725,714",1.206,
1/15/20,"12,170,725,714",1.206,
1/16/20,"12,170,725,714",1.206,
1/17/20,"12,170,725,714",1.206,
1/18/20,"12,170,725,714",1.206,
1/19/20,"12,170,725,714",1.206,
1/20/20,"12,170,725,714",1.206,
1/21/20,"12,170,725,714",1.206,
1/22/20,"12,170,725,714",1.206,
1/23/20,"12,170,725,714",1.206,
1/24/20,"12,170,725,714",1.206,
1/25/20,"12,170,725,714",1.206,
1/26/20,"12,170,725,714",1.206,
1/27/20,"12,170,725,714",1.206,
1/28/20,"12,170,725,714",1.206,
1/29/20,"12,170,725,714",1.206,
1/30/20,"12,170,725,714",1.206,
1/31/20,"12,170,725,714",1.206,
2/1/20,"12,170,725,714",1.206,
2/2/20,"12,170,725,714",1.206,
2/3/20,"12,170,725,714",1.206,
2/4/20,"12,170,725,714",1.206,
2/5/20,"12,170,725,714",1.206,
2/6/20,"12,170,725,714",1.206,
2/7/20,"12,170,725,714",1.206,
2/8/20,"12,170,725,714",1.206,
2/9/20,"12,170,725,714",1.206,
2/10/20,"12,170,725,714",1.206,
2/11/20,"12,170,725,714",1.206,
2/12/20,"12,170,725,714",1.206,
2/13/20,"12,170,725,714",1.206,
2/14/20,"12,170,725,714",1.206,
2/15/20,"12,170,725,714",1.206,
2/16/20,"12,170,725,714",1.206,
2/17/20,"12,170,725,714",1.206,
2/18/20,"12,170,725,714",1.206,
2/19/20,"12,170,725,714",1.206,
2/20/20,"12,170,725,714",1.206,
2/21/20,"12,170,725,714",1.206,
2/22/20,"12,170,725,714",1.206,
2/23/20,"12,170,725,714",1.206,
2/24/20,"12,170,725,714",1.206,
2/25/20,"12,170,725,714",1.206,
2/26/20,"12,170,725,714",1.206,
2/27/20,"12,170,725,714",1.206,
2/28/20,"12,170,725,714",1.206,
2/29/20,"12,170,725,714",1.206,
3/1/20,"12,170,725,714",1.206,
3/2/20,"12,170,725,714",1.206,
3/3/20,"12,170,725,714",1.206,
3/4/20,"12,170,725,714",1.206,
3/5/20,"12,170,725,714",1.206,
3/6/20,"12,170,725,714",1.206,
3/7/20,"12,170,725,714",1.206,
3/8/20,"12,170,725,714",1.206,
3/9/20,"12,170,725,714",1.206,
3/10/20,"12,170,725,714",1.206,
3/11/20,"12,170,725,714",1.206,
3/12/20,"12,170,725,714",1.206,
3/13/20,"12,170,725,714",1.206,
3/14/20,"12,170,725,714",1.206,
3/15/20,"12,170,725,714",1.206,
3/16/20,"12,170,725,714",1.206,
3/17/20,"12,170,725,714",1.206,
3/18/20,"12,170,725,714",1.206,
3/19/20,"12,170,725,714",1.206,
3/20/20,"12,170,725,714",1.206,
3/21/20,"12,170,725,714",1.206,
3/22/20,"12,170,725,714",1.206,
3/23/20,"12,170,725,714",1.206,
3/24/20,"12,170,725,714",1.206,
3/25/20,"12,170,725,714",1.206,
3/26/20,"12,170,725,714",1.206,
3/27/20,"12,170,725,714",1.206,
3/28/20,"12,170,725,714",1.206,
3/29/20,"12,170,725,714",1.206,
3/30/20,"12,170,725,714",1.206,
3/31/20,"10,430,212,185",0.968,
4/1/20,"10,430,212,185",0.968,
4/2/20,"10,430,212,185",0.968,
4/3/20,"10,430,212,185",0.968,
4/4/20,"10,430,212,185",0.968,
4/5/20,"10,430,212,185",0.968,
4/6/20,"10,430,212,185",0.968,
4/7/20,"10,430,212,185",0.968,
4/8/20,"10,430,212,185",0.968,
4/9/20,"10,430,212,185",0.968,
4/10/20,"10,430,212,185",0.968,
4/11/20,"10,430,212,185",0.968,
4/12/20,"10,430,212,185",0.968,
4/13/20,"10,430,212,185",0.968,
4/14/20,"10,430,212,185",0.968,
4/15/20,"10,430,212,185",0.968,
4/16/20,"10,430,212,185",0.968,
4/17/20,"10,430,212,185",0.968,
4/18/20,"10,430,212,185",0.968,
4/19/20,"10,430,212,185",0.968,
4/20/20,"10,430,212,185",0.968,
4/21/20,"10,430,212,185",0.968,
4/22/20,"10,430,212,185",0.968,
4/23/20,"10,430,212,185",0.968,
4/24/20,"10,430,212,185",0.968,
4/25/20,"10,430,212,185",0.968,
4/26/20,"10,430,212,185",0.968,
4/27/20,"10,430,212,185",0.968,
4/28/20,"10,430,212,185",0.968,
4/29/20,"10,430,212,185",0.968,
4/30/20,"10,430,212,185",0.968,
5/1/20,"10,430,212,185",0.968,
5/2/20,"10,430,212,185",0.968,
5/3/20,"10,430,212,185",0.968,
5/4/20,"10,430,212,185",0.968,
5/5/20,"10,430,212,185",0.968,
5/6/20,"10,430,212,185",0.968,
5/7/20,"10,430,212,185",0.968,
5/8/20,"10,430,212,185",0.968,
5/9/20,"10,430,212,185",0.968,
5/10/20,"10,430,212,185",0.968,
5/11/20,"10,430,212,185",0.968,
5/12/20,"10,430,212,185",0.968,
5/13/20,"10,430,212,185",0.968,
5/14/20,"10,430,212,185",0.968,
5/15/20,"10,430,212,185",0.968,
5/16/20,"10,430,212,185",0.968,
5/17/20,"10,430,212,185",0.968,
5/18/20,"10,430,212,185",0.968,
5/19/20,"10,430,212,185",0.968,
5/20/20,"10,430,212,185",0.968,
5/21/20,"10,430,212,185",0.968,
5/22/20,"10,430,212,185",0.968,
5/23/20,"10,430,212,185",0.968,
5/24/20,"10,430,212,185",0.968,
5/25/20,"10,430,212,185",0.968,
5/26/20,"10,430,212,185",0.968,
5/27/20,"10,430,212,185",0.968,
5/28/20,"10,430,212,185",0.968,
5/29/20,"10,430,212,185",0.968,
5/30/20,"10,430,212,185",0.968,
5/31/20,"10,430,212,185",0.968,
6/1/20,"10,430,212,185",0.968,
6/2/20,"10,430,212,185",0.968,
6/3/20,"10,430,212,185",0.968,
6/4/20,"10,430,212,185",0.968,
6/5/20,"10,430,212,185",0.968,
6/6/20,"10,430,212,185",0.968,
6/7/20,"10,430,212,185",0.968,
6/8/20,"10,430,212,185",0.968,
6/9/20,"10,430,212,185",0.968,
6/10/20,"10,430,212,185",0.968,
6/11/20,"10,430,212,185",0.968,
6/12/20,"10,430,212,185",0.968,
6/13/20,"10,430,212,185",0.968,
6/14/20,"10,430,212,185",0.968,
6/15/20,"10,430,212,185",0.968,
6/16/20,"10,430,212,185",0.968,
6/17/20,"10,430,212,185",0.968,
6/18/20,"10,430,212,185",0.968,
6/19/20,"10,430,212,185",0.968,
6/20/20,"10,430,212,185",0.968,
6/21/20,"10,430,212,185",0.968,
6/22/20,"10,430,212,185",0.968,
6/23/20,"10,430,212,185",0.968,
6/24/20,"10,430,212,185",0.968,
6/25/20,"10,430,212,185",0.968,
6/26/20,"10,430,212,185",0.968,
6/27/20,"10,430,212,185",0.968,
6/28/20,"10,430,212,185",0.968,
6/29/20,"10,430,212,185",0.968,
6/30/20,"10,430,212,185",0.968,
7/1/20,"10,430,212,185",0.968,
7/2/20,"10,430,212,185",0.968,
7/3/20,"10,430,212,185",0.968,
7/4/20,"10,430,212,185",0.968,
7/5/20,"10,430,212,185",0.968,
7/6/20,"10,430,212,185",0.968,
7/7/20,"10,430,212,185",0.968,
7/8/20,"10,430,212,185",0.968,
7/9/20,"10,430,212,185",0.968,
7/10/20,"10,430,212,185",0.968,
7/11/20,"10,430,212,185",0.968,
7/12/20,"10,430,212,185",0.968,
7/13/20,"10,430,212,185",0.968,
7/14/20,"10,430,212,185",0.968,
7/15/20,"10,430,212,185",0.968,
7/16/20,"10,430,212,185",0.968,
7/17/20,"10,430,212,185",0.968,
7/18/20,"10,430,212,185",0.968,
7/19/20,"10,430,212,185",0.968,
7/20/20,"10,430,212,185",0.968,
7/21/20,"10,430,212,185",0.968,
7/22/20,"10,430,212,185",0.968,
7/23/20,"10,430,212,185",0.968,
7/24/20,"10,430,212,185",0.968,
7/25/20,"10,430,212,185",0.968,
7/26/20,"10,430,212,185",0.968,
7/27/20,"10,430,212,185",0.968,
7/28/20,"10,430,212,185",0.968,
7/29/20,"10,430,212,185",0.968,
7/30/20,"10,430,212,185",0.968,
7/31/20,"10,430,212,185",0.968,
8/1/20,"10,430,212,185",0.968,
8/2/20,"10,430,212,185",0.968,
8/3/20,"10,430,212,185",0.968,
8/4/20,"10,430,212,185",0.968,
8/5/20,"10,430,212,185",0.968,
8/6/20,"10,430,212,185",0.968,
8/7/20,"10,430,212,185",0.968,
8/8/20,"10,430,212,185",0.968,
8/9/20,"10,430,212,185",0.968,
8/10/20,"10,430,212,185",0.968,
8/11/20,"10,430,212,185",0.968,
8/12/20,"10,430,212,185",0.968,
8/13/20,"10,430,212,185",0.968,
8/14/20,"10,430,212,185",0.968,
8/15/20,"10,430,212,185",0.968,
8/16/20,"10,430,212,185",0.968,
8/17/20,"10,430,212,185",0.968,
8/18/20,"10,430,212,185",0.968,
8/19/20,"10,430,212,185",0.968,
8/20/20,"10,430,212,185",0.968,
8/21/20,"10,430,212,185",0.968,
8/22/20,"10,430,212,185",0.968,
8/23/20,"10,430,212,185",0.968,
8/24/20,"10,430,212,185",0.968,
8/25/20,"10,430,212,185",0.968,
8/26/20,"10,430,212,185",0.968,
8/27/20,"10,430,212,185",0.968,
8/28/20,"10,430,212,185",0.968,
8/29/20,"10,430,212,185",0.968,
8/30/20,"10,430,212,185",0.968,
8/31/20,"10,430,212,185",0.968,
9/1/20,"10,430,212,185",0.968,
9/2/20,"10,430,212,185",0.968,
9/3/20,"10,430,212,185",0.968,
9/4/20,"10,430,212,185",0.968,
9/5/20,"10,430,212,185",0.968,
9/6/20,"10,430,212,185",0.968,
9/7/20,"10,430,212,185",0.968,
9/8/20,"10,430,212,185",0.968,
9/9/20,"10,430,212,185",0.968,
9/10/20,"10,430,212,185",0.968,
9/11/20,"10,430,212,185",0.968,
9/12/20,"10,430,212,185",0.968,
9/13/20,"10,430,212,185",0.968,
9/14/20,"10,430,212,185",0.968,
9/15/20,"10,430,212,185",0.968,
9/16/20,"10,430,212,185",0.968,
9/17/20,"10,430,212,185",0.968,
9/18/20,"10,430,212,185",0.968,
9/19/20,"10,430,212,185",0.968,
9/20/20,"10,430,212,185",0.968,
9/21/20,"10,430,212,185",0.968,
9/22/20,"10,430,212,185",0.968,
9/23/20,"10,430,212,185",0.968,
9/24/20,"10,430,212,185",0.968,
9/25/20,"10,430,212,185",0.968,
9/26/20,"10,430,212,185",0.968,
9/27/20,"10,430,212,185",0.968,
9/28/20,"10,430,212,185",0.968,
9/29/20,"10,430,212,185",0.968,
9/30/20,"10,430,212,185",0.968,
10/1/20,"10,430,212,185",0.968,
10/2/20,"10,430,212,185",0.968,
10/3/20,"10,430,212,185",0.968,
10/4/20,"10,430,212,185",0.968,
10/5/20,"10,430,212,185",0.968,
10/6/20,"10,430,212,185",0.968,
10/7/20,"10,430,212,185",0.968,
10/8/20,"10,430,212,185",0.968,
10/9/20,"10,430,212,185",0.968,
10/10/20,"10,430,212,185",0.968,
10/11/20,"10,430,212,185",0.968,
10/12/20,"10,430,212,185",0.968,
10/13/20,"10,430,212,185",0.968,
10/14/20,"10,430,212,185",0.968,
10/15/20,"10,430,212,185",0.968,
10/16/20,"10,430,212,185",0.968,
10/17/20,"10,430,212,185",0.968,
10/18/20,"10,430,212,185",0.968,
10/19/20,"10,430,212,185",0.968,
10/20/20,"10,430,212,185",0.968,
10/21/20,"10,430,212,185",0.968,
10/22/20,"10,430,212,185",0.968,
10/23/20,"10,430,212,185",0.968,
10/24/20,"10,430,212,185",0.968,
10/25/20,"10,430,212,185",0.968,
10/26/20,"10,430,212,185",0.968,
10/27/20,"10,430,212,185",0.968,
10/28/20,"10,430,212,185",0.968,
10/29/20,"10,430,212,185",0.968,
10/30/20,"10,430,212,185",0.968,
10/31/20,"10,430,212,185",0.968,
11/1/20,"10,430,212,185",0.968,
11/2/20,"10,430,212,185",0.968,
11/3/20,"10,430,212,185",0.968,
11/4/20,"10,430,212,185",0.968,
11/5/20,"10,430,212,185",0.968,
11/6/20,"10,430,212,185",0.968,
11/7/20,"10,430,212,185",0.968,
11/8/20,"10,430,212,185",0.968,
11/9/20,"10,430,212,185",0.968,
11/10/20,"10,430,212,185",0.968,
11/11/20,"10,430,212,185",0.968,
11/12/20,"10,430,212,185",0.968,
11/13/20,"10,430,212,185",0.968,
11/14/20,"10,430,212,185",0.968,
11/15/20,"10,430,212,185",0.968,
11/16/20,"10,430,212,185",0.968,
11/17/20,"10,430,212,185",0.968,
11/18/20,"10,430,212,185",0.968,
11/19/20,"10,430,212,185",0.968,
11/20/20,"10,430,212,185",0.968,
11/21/20,"10,430,212,185",0.968,
11/22/20,"10,430,212,185",0.968,
11/23/20,"10,430,212,185",0.968,
11/24/20,"10,430,212,185",0.968,
11/25/20,"10,430,212,185",0.968,
11/26/20,"10,430,212,185",0.968,
11/27/20,"10,430,212,185",0.968,
11/28/20,"10,430,212,185",0.968,
11/29/20,"10,430,212,185",0.968,
11/30/20,"10,430,212,185",0.968,
12/1/20,"10,430,212,185",0.968,
12/2/20,"10,430,212,185",0.968,
12/3/20,"10,430,212,185",0.968,
12/4/20,"10,430,212,185",0.968,
12/5/20,"10,430,212,185",0.968,
12/6/20,"10,430,212,185",0.968,
12/7/20,"10,430,212,185",0.968,
12/8/20,"10,430,212,185",0.968,
12/9/20,"10,430,212,185",0.968,
12/10/20,"10,430,212,185",0.968,
12/11/20,"10,430,212,185",0.968,
12/12/20,"10,430,212,185",0.968,
12/13/20,"10,430,212,185",0.968,
12/14/20,"10,430,212,185",0.968,
12/15/20,"10,430,212,185",0.968,
12/16/20,"10,430,212,185",0.968,
12/17/20,"10,430,212,185",0.968,
12/18/20,"10,430,212,185",0.968,
12/19/20,"10,430,212,185",0.968,
12/20/20,"10,430,212,185",0.968,
12/21/20,"10,430,212,185",0.968,
12/22/20,"10,430,212,185",0.968,
12/23/20,"10,430,212,185",0.968,
12/24/20,"10,430,212,185",0.968,
12/25/20,"10,430,212,185",0.968,
12/26/20,"10,430,212,185",0.968,
12/27/20,"10,430,212,185",0.968,
12/28/20,"10,430,212,185",0.968,
12/29/20,"10,430,212,185",0.968,
12/30/20,"10,430,212,185",0.968,
12/31/20,"10,430,212,185",0.968,
1/1/21,"10,430,212,185",0.968,