Date,Size,P/B RATIO,,,,,
12/31/14,"96,439,860,000",2.958,,,,,
1/1/15,"96,439,860,000",2.958,,,,,
1/2/15,"96,439,860,000",2.958,,,,,
1/5/15,"96,439,860,000",2.958,,,,,
1/6/15,"96,439,860,000",2.958,,,,,
1/7/15,"96,439,860,000",2.958,,,,,
1/8/15,"96,439,860,000",2.958,,,,,
1/9/15,"96,439,860,000",2.958,,,,,
1/12/15,"96,439,860,000",2.958,,,,,
1/13/15,"96,439,860,000",2.958,,,,,
1/14/15,"96,439,860,000",2.958,,,,,
1/15/15,"96,439,860,000",2.958,,,,,
1/16/15,"96,439,860,000",2.958,,,,,
1/19/15,"96,439,860,000",2.958,,,,,
1/20/15,"96,439,860,000",2.958,,,,,
1/21/15,"96,439,860,000",2.958,,,,,
1/22/15,"96,439,860,000",2.958,,,,,
1/23/15,"96,439,860,000",2.958,,,,,
1/26/15,"96,439,860,000",2.958,,,,,
1/27/15,"96,439,860,000",2.958,,,,,
1/28/15,"96,439,860,000",2.958,,,,,
1/29/15,"96,439,860,000",2.958,,,,,
1/30/15,"96,439,860,000",2.958,,,,,
2/2/15,"96,439,860,000",2.958,,,,,
2/3/15,"96,439,860,000",2.958,,,,,
2/4/15,"96,439,860,000",2.958,,,,,
2/5/15,"96,439,860,000",2.958,,,,,
2/6/15,"96,439,860,000",2.958,,,,,
2/9/15,"96,439,860,000",2.958,,,,,
2/10/15,"96,439,860,000",2.958,,,,,
2/11/15,"96,439,860,000",2.958,,,,,
2/12/15,"96,439,860,000",2.958,,,,,
2/13/15,"96,439,860,000",2.958,,,,,
2/16/15,"96,439,860,000",2.958,,,,,
2/17/15,"96,439,860,000",2.958,,,,,
2/18/15,"96,439,860,000",2.958,,,,,
2/19/15,"96,439,860,000",2.958,,,,,
2/20/15,"96,439,860,000",2.958,,,,,
2/23/15,"96,439,860,000",2.958,,,,,
2/24/15,"96,439,860,000",2.958,,,,,
2/25/15,"96,439,860,000",2.958,,,,,
2/26/15,"96,439,860,000",2.958,,,,,
2/27/15,"96,439,860,000",2.958,,,,,
3/2/15,"96,439,860,000",2.958,,,,,
3/3/15,"96,439,860,000",2.958,,,,,
3/4/15,"96,439,860,000",2.958,,,,,
3/5/15,"96,439,860,000",2.958,,,,,
3/6/15,"96,439,860,000",2.958,,,,,
3/9/15,"96,439,860,000",2.958,,,,,
3/10/15,"96,439,860,000",2.958,,,,,
3/11/15,"96,439,860,000",2.958,,,,,
3/12/15,"96,439,860,000",2.958,,,,,
3/13/15,"96,439,860,000",2.958,,,,,
3/16/15,"96,439,860,000",2.958,,,,,
3/17/15,"96,439,860,000",2.958,,,,,
3/18/15,"96,439,860,000",2.958,,,,,
3/19/15,"96,439,860,000",2.958,,,,,
3/20/15,"96,439,860,000",2.958,,,,,
3/23/15,"96,439,860,000",2.958,,,,,
3/24/15,"96,439,860,000",2.958,,,,,
3/25/15,"96,439,860,000",2.958,,,,,
3/26/15,"96,439,860,000",2.958,,,,,
3/27/15,"96,439,860,000",2.958,,,,,
3/30/15,"96,439,860,000",2.958,,,,,
3/31/15,"96,439,860,000",2.958,,,,,
4/1/15,"96,439,860,000",2.958,,,,,
4/2/15,"96,439,860,000",2.958,,,,,
4/3/15,"96,439,860,000",2.958,,,,,
4/6/15,"96,439,860,000",2.958,,,,,
4/7/15,"96,439,860,000",2.958,,,,,
4/8/15,"96,439,860,000",2.958,,,,,
4/9/15,"96,439,860,000",2.958,,,,,
4/10/15,"96,439,860,000",2.958,,,,,
4/13/15,"96,439,860,000",2.958,,,,,
4/14/15,"96,439,860,000",2.958,,,,,
4/15/15,"96,439,860,000",2.958,,,,,
4/16/15,"96,439,860,000",2.958,,,,,
4/17/15,"96,439,860,000",2.958,,,,,
4/20/15,"96,439,860,000",2.958,,,,,
4/21/15,"96,439,860,000",2.958,,,,,
4/22/15,"96,439,860,000",2.958,,,,,
4/23/15,"96,439,860,000",2.958,,,,,
4/24/15,"96,439,860,000",2.958,,,,,
4/27/15,"96,439,860,000",2.958,,,,,
4/28/15,"96,439,860,000",2.958,,,,,
4/29/15,"96,439,860,000",2.958,,,,,
4/30/15,"96,439,860,000",2.958,,,,,
5/1/15,"96,439,860,000",2.958,,,,,
5/4/15,"96,439,860,000",2.958,,,,,
5/5/15,"96,439,860,000",2.958,,,,,
5/6/15,"96,439,860,000",2.958,,,,,
5/7/15,"96,439,860,000",2.958,,,,,
5/8/15,"96,439,860,000",2.958,,,,,
5/11/15,"96,439,860,000",2.958,,,,,
5/12/15,"96,439,860,000",2.958,,,,,
5/13/15,"96,439,860,000",2.958,,,,,
5/14/15,"96,439,860,000",2.958,,,,,
5/15/15,"96,439,860,000",2.958,,,,,
5/18/15,"96,439,860,000",2.958,,,,,
5/19/15,"96,439,860,000",2.958,,,,,
5/20/15,"96,439,860,000",2.958,,,,,
5/21/15,"96,439,860,000",2.958,,,,,
5/22/15,"96,439,860,000",2.958,,,,,
5/25/15,"96,439,860,000",2.958,,,,,
5/26/15,"96,439,860,000",2.958,,,,,
5/27/15,"96,439,860,000",2.958,,,,,
5/28/15,"96,439,860,000",2.958,,,,,
5/29/15,"96,439,860,000",2.958,,,,,
6/1/15,"96,439,860,000",2.958,,,,,
6/2/15,"96,439,860,000",2.958,,,,,
6/3/15,"96,439,860,000",2.958,,,,,
6/4/15,"96,439,860,000",2.958,,,,,
6/5/15,"96,439,860,000",2.958,,,,,
6/8/15,"96,439,860,000",2.958,,,,,
6/9/15,"96,439,860,000",2.958,,,,,
6/10/15,"96,439,860,000",2.958,,,,,
6/11/15,"96,439,860,000",2.958,,,,,
6/12/15,"96,439,860,000",2.958,,,,,
6/15/15,"96,439,860,000",2.958,,,,,
6/16/15,"96,439,860,000",2.958,,,,,
6/17/15,"96,439,860,000",2.958,,,,,
6/18/15,"96,439,860,000",2.958,,,,,
6/19/15,"96,439,860,000",2.958,,,,,
6/22/15,"96,439,860,000",2.958,,,,,
6/23/15,"96,439,860,000",2.958,,,,,
6/24/15,"96,439,860,000",2.958,,,,,
6/25/15,"96,439,860,000",2.958,,,,,
6/26/15,"96,439,860,000",2.958,,,,,
6/29/15,"96,439,860,000",2.958,,,,,
6/30/15,"96,439,860,000",2.958,,,,,
7/1/15,"96,439,860,000",2.958,,,,,
7/2/15,"96,439,860,000",2.958,,,,,
7/3/15,"96,439,860,000",2.958,,,,,
7/6/15,"96,439,860,000",2.958,,,,,
7/7/15,"96,439,860,000",2.958,,,,,
7/8/15,"96,439,860,000",2.958,,,,,
7/9/15,"96,439,860,000",2.958,,,,,
7/10/15,"96,439,860,000",2.958,,,,,
7/13/15,"96,439,860,000",2.958,,,,,
7/14/15,"96,439,860,000",2.958,,,,,
7/15/15,"96,439,860,000",2.958,,,,,
7/16/15,"96,439,860,000",2.958,,,,,
7/17/15,"96,439,860,000",2.958,,,,,
7/20/15,"96,439,860,000",2.958,,,,,
7/21/15,"96,439,860,000",2.958,,,,,
7/22/15,"96,439,860,000",2.958,,,,,
7/23/15,"96,439,860,000",2.958,,,,,
7/24/15,"96,439,860,000",2.958,,,,,
7/27/15,"96,439,860,000",2.958,,,,,
7/28/15,"96,439,860,000",2.958,,,,,
7/29/15,"96,439,860,000",2.958,,,,,
7/30/15,"96,439,860,000",2.958,,,,,
7/31/15,"96,439,860,000",2.958,,,,,
8/3/15,"96,439,860,000",2.958,,,,,
8/4/15,"96,439,860,000",2.958,,,,,
8/5/15,"96,439,860,000",2.958,,,,,
8/6/15,"96,439,860,000",2.958,,,,,
8/7/15,"96,439,860,000",2.958,,,,,
8/10/15,"96,439,860,000",2.958,,,,,
8/11/15,"96,439,860,000",2.958,,,,,
8/12/15,"96,439,860,000",2.958,,,,,
8/13/15,"96,439,860,000",2.958,,,,,
8/14/15,"96,439,860,000",2.958,,,,,
8/17/15,"96,439,860,000",2.958,,,,,
8/18/15,"96,439,860,000",2.958,,,,,
8/19/15,"96,439,860,000",2.958,,,,,
8/20/15,"96,439,860,000",2.958,,,,,
8/21/15,"96,439,860,000",2.958,,,,,
8/24/15,"96,439,860,000",2.958,,,,,
8/25/15,"96,439,860,000",2.958,,,,,
8/26/15,"96,439,860,000",2.958,,,,,
8/27/15,"96,439,860,000",2.958,,,,,
8/28/15,"96,439,860,000",2.958,,,,,
8/31/15,"96,439,860,000",2.958,,,,,
9/1/15,"96,439,860,000",2.958,,,,,
9/2/15,"96,439,860,000",2.958,,,,,
9/3/15,"96,439,860,000",2.958,,,,,
9/4/15,"96,439,860,000",2.958,,,,,
9/7/15,"96,439,860,000",2.958,,,,,
9/8/15,"96,439,860,000",2.958,,,,,
9/9/15,"96,439,860,000",2.958,,,,,
9/10/15,"96,439,860,000",2.958,,,,,
9/11/15,"96,439,860,000",2.958,,,,,
9/14/15,"96,439,860,000",2.958,,,,,
9/15/15,"96,439,860,000",2.958,,,,,
9/16/15,"96,439,860,000",2.958,,,,,
9/17/15,"96,439,860,000",2.958,,,,,
9/18/15,"96,439,860,000",2.958,,,,,
9/21/15,"96,439,860,000",2.958,,,,,
9/22/15,"96,439,860,000",2.958,,,,,
9/23/15,"96,439,860,000",2.958,,,,,
9/24/15,"96,439,860,000",2.958,,,,,
9/25/15,"96,439,860,000",2.958,,,,,
9/28/15,"96,439,860,000",2.958,,,,,
9/29/15,"96,439,860,000",2.958,,,,,
9/30/15,"96,439,860,000",2.958,,,,,
10/1/15,"96,439,860,000",2.958,,,,,
10/2/15,"96,439,860,000",2.958,,,,,
10/5/15,"96,439,860,000",2.958,,,,,
10/6/15,"96,439,860,000",2.958,,,,,
10/7/15,"96,439,860,000",2.958,,,,,
10/8/15,"96,439,860,000",2.958,,,,,
10/9/15,"96,439,860,000",2.958,,,,,
10/12/15,"96,439,860,000",2.958,,,,,
10/13/15,"96,439,860,000",2.958,,,,,
10/14/15,"96,439,860,000",2.958,,,,,
10/15/15,"96,439,860,000",2.958,,,,,
10/16/15,"96,439,860,000",2.958,,,,,
10/19/15,"96,439,860,000",2.958,,,,,
10/20/15,"96,439,860,000",2.958,,,,,
10/21/15,"96,439,860,000",2.958,,,,,
10/22/15,"96,439,860,000",2.958,,,,,
10/23/15,"96,439,860,000",2.958,,,,,
10/26/15,"96,439,860,000",2.958,,,,,
10/27/15,"96,439,860,000",2.958,,,,,
10/28/15,"96,439,860,000",2.958,,,,,
10/29/15,"96,439,860,000",2.958,,,,,
10/30/15,"96,439,860,000",2.958,,,,,
11/2/15,"96,439,860,000",2.958,,,,,
11/3/15,"96,439,860,000",2.958,,,,,
11/4/15,"96,439,860,000",2.958,,,,,
11/5/15,"96,439,860,000",2.958,,,,,
11/6/15,"96,439,860,000",2.958,,,,,
11/9/15,"96,439,860,000",2.958,,,,,
11/10/15,"96,439,860,000",2.958,,,,,
11/11/15,"96,439,860,000",2.958,,,,,
11/12/15,"96,439,860,000",2.958,,,,,
11/13/15,"96,439,860,000",2.958,,,,,
11/16/15,"96,439,860,000",2.958,,,,,
11/17/15,"96,439,860,000",2.958,,,,,
11/18/15,"96,439,860,000",2.958,,,,,
11/19/15,"96,439,860,000",2.958,,,,,
11/20/15,"96,439,860,000",2.958,,,,,
11/23/15,"96,439,860,000",2.958,,,,,
11/24/15,"96,439,860,000",2.958,,,,,
11/25/15,"96,439,860,000",2.958,,,,,
11/26/15,"96,439,860,000",2.958,,,,,
11/27/15,"96,439,860,000",2.958,,,,,
11/30/15,"96,439,860,000",2.958,,,,,
12/1/15,"96,439,860,000",2.958,,,,,
12/2/15,"96,439,860,000",2.958,,,,,
12/3/15,"96,439,860,000",2.958,,,,,
12/4/15,"96,439,860,000",2.958,,,,,
12/7/15,"96,439,860,000",2.958,,,,,
12/8/15,"96,439,860,000",2.958,,,,,
12/9/15,"96,439,860,000",2.958,,,,,
12/10/15,"96,439,860,000",2.958,,,,,
12/11/15,"96,439,860,000",2.958,,,,,
12/14/15,"96,439,860,000",2.958,,,,,
12/15/15,"96,439,860,000",2.958,,,,,
12/16/15,"96,439,860,000",2.958,,,,,
12/17/15,"96,439,860,000",2.958,,,,,
12/18/15,"96,439,860,000",2.958,,,,,
12/21/15,"96,439,860,000",2.958,,,,,
12/22/15,"96,439,860,000",2.958,,,,,
12/23/15,"96,439,860,000",2.958,,,,,
12/24/15,"96,439,860,000",2.958,,,,,
12/25/15,"96,439,860,000",2.958,,,,,
12/28/15,"96,439,860,000",2.958,,,,,
12/29/15,"96,439,860,000",2.958,,,,,
12/30/15,"96,439,860,000",2.958,,,,,
12/31/15,"112,110,920,000",3.386,,,,,
1/1/16,"112,110,920,000",3.386,,,,,
1/4/16,"112,110,920,000",3.386,,,,,
1/5/16,"112,110,920,000",3.386,,,,,
1/6/16,"112,110,920,000",3.386,,,,,
1/7/16,"112,110,920,000",3.386,,,,,
1/8/16,"112,110,920,000",3.386,,,,,
1/11/16,"112,110,920,000",3.386,,,,,
1/12/16,"112,110,920,000",3.386,,,,,
1/13/16,"112,110,920,000",3.386,,,,,
1/14/16,"112,110,920,000",3.386,,,,,
1/15/16,"112,110,920,000",3.386,,,,,
1/18/16,"112,110,920,000",3.386,,,,,
1/19/16,"112,110,920,000",3.386,,,,,
1/20/16,"112,110,920,000",3.386,,,,,
1/21/16,"112,110,920,000",3.386,,,,,
1/22/16,"112,110,920,000",3.386,,,,,
1/25/16,"112,110,920,000",3.386,,,,,
1/26/16,"112,110,920,000",3.386,,,,,
1/27/16,"112,110,920,000",3.386,,,,,
1/28/16,"112,110,920,000",3.386,,,,,
1/29/16,"112,110,920,000",3.386,,,,,
2/1/16,"112,110,920,000",3.386,,,,,
2/2/16,"112,110,920,000",3.386,,,,,
2/3/16,"112,110,920,000",3.386,,,,,
2/4/16,"112,110,920,000",3.386,,,,,
2/5/16,"112,110,920,000",3.386,,,,,
2/8/16,"112,110,920,000",3.386,,,,,
2/9/16,"112,110,920,000",3.386,,,,,
2/10/16,"112,110,920,000",3.386,,,,,
2/11/16,"112,110,920,000",3.386,,,,,
2/12/16,"112,110,920,000",3.386,,,,,
2/15/16,"112,110,920,000",3.386,,,,,
2/16/16,"112,110,920,000",3.386,,,,,
2/17/16,"112,110,920,000",3.386,,,,,
2/18/16,"112,110,920,000",3.386,,,,,
2/19/16,"112,110,920,000",3.386,,,,,
2/22/16,"112,110,920,000",3.386,,,,,
2/23/16,"112,110,920,000",3.386,,,,,
2/24/16,"112,110,920,000",3.386,,,,,
2/25/16,"112,110,920,000",3.386,,,,,
2/26/16,"112,110,920,000",3.386,,,,,
2/29/16,"112,110,920,000",3.386,,,,,
3/1/16,"112,110,920,000",3.386,,,,,
3/2/16,"112,110,920,000",3.386,,,,,
3/3/16,"112,110,920,000",3.386,,,,,
3/4/16,"112,110,920,000",3.386,,,,,
3/7/16,"112,110,920,000",3.386,,,,,
3/8/16,"112,110,920,000",3.386,,,,,
3/9/16,"112,110,920,000",3.386,,,,,
3/10/16,"112,110,920,000",3.386,,,,,
3/11/16,"112,110,920,000",3.386,,,,,
3/14/16,"112,110,920,000",3.386,,,,,
3/15/16,"112,110,920,000",3.386,,,,,
3/16/16,"112,110,920,000",3.386,,,,,
3/17/16,"112,110,920,000",3.386,,,,,
3/18/16,"112,110,920,000",3.386,,,,,
3/21/16,"112,110,920,000",3.386,,,,,
3/22/16,"112,110,920,000",3.386,,,,,
3/23/16,"112,110,920,000",3.386,,,,,
3/24/16,"112,110,920,000",3.386,,,,,
3/25/16,"112,110,920,000",3.386,,,,,
3/28/16,"112,110,920,000",3.386,,,,,
3/29/16,"112,110,920,000",3.386,,,,,
3/30/16,"112,110,920,000",3.386,,,,,
3/31/16,"112,110,920,000",3.386,,,,,
4/1/16,"112,110,920,000",3.386,,,,,
4/4/16,"112,110,920,000",3.386,,,,,
4/5/16,"112,110,920,000",3.386,,,,,
4/6/16,"112,110,920,000",3.386,,,,,
4/7/16,"112,110,920,000",3.386,,,,,
4/8/16,"112,110,920,000",3.386,,,,,
4/11/16,"112,110,920,000",3.386,,,,,
4/12/16,"112,110,920,000",3.386,,,,,
4/13/16,"112,110,920,000",3.386,,,,,
4/14/16,"112,110,920,000",3.386,,,,,
4/15/16,"112,110,920,000",3.386,,,,,
4/18/16,"112,110,920,000",3.386,,,,,
4/19/16,"112,110,920,000",3.386,,,,,
4/20/16,"112,110,920,000",3.386,,,,,
4/21/16,"112,110,920,000",3.386,,,,,
4/22/16,"112,110,920,000",3.386,,,,,
4/25/16,"112,110,920,000",3.386,,,,,
4/26/16,"112,110,920,000",3.386,,,,,
4/27/16,"112,110,920,000",3.386,,,,,
4/28/16,"112,110,920,000",3.386,,,,,
4/29/16,"112,110,920,000",3.386,,,,,
5/2/16,"112,110,920,000",3.386,,,,,
5/3/16,"112,110,920,000",3.386,,,,,
5/4/16,"112,110,920,000",3.386,,,,,
5/5/16,"112,110,920,000",3.386,,,,,
5/6/16,"112,110,920,000",3.386,,,,,
5/9/16,"112,110,920,000",3.386,,,,,
5/10/16,"112,110,920,000",3.386,,,,,
5/11/16,"112,110,920,000",3.386,,,,,
5/12/16,"112,110,920,000",3.386,,,,,
5/13/16,"112,110,920,000",3.386,,,,,
5/16/16,"112,110,920,000",3.386,,,,,
5/17/16,"112,110,920,000",3.386,,,,,
5/18/16,"112,110,920,000",3.386,,,,,
5/19/16,"112,110,920,000",3.386,,,,,
5/20/16,"112,110,920,000",3.386,,,,,
5/23/16,"112,110,920,000",3.386,,,,,
5/24/16,"112,110,920,000",3.386,,,,,
5/25/16,"112,110,920,000",3.386,,,,,
5/26/16,"112,110,920,000",3.386,,,,,
5/27/16,"112,110,920,000",3.386,,,,,
5/30/16,"112,110,920,000",3.386,,,,,
5/31/16,"112,110,920,000",3.386,,,,,
6/1/16,"112,110,920,000",3.386,,,,,
6/2/16,"112,110,920,000",3.386,,,,,
6/3/16,"112,110,920,000",3.386,,,,,
6/6/16,"112,110,920,000",3.386,,,,,
6/7/16,"112,110,920,000",3.386,,,,,
6/8/16,"112,110,920,000",3.386,,,,,
6/9/16,"112,110,920,000",3.386,,,,,
6/10/16,"112,110,920,000",3.386,,,,,
6/13/16,"112,110,920,000",3.386,,,,,
6/14/16,"112,110,920,000",3.386,,,,,
6/15/16,"112,110,920,000",3.386,,,,,
6/16/16,"112,110,920,000",3.386,,,,,
6/17/16,"112,110,920,000",3.386,,,,,
6/20/16,"112,110,920,000",3.386,,,,,
6/21/16,"112,110,920,000",3.386,,,,,
6/22/16,"112,110,920,000",3.386,,,,,
6/23/16,"112,110,920,000",3.386,,,,,
6/24/16,"112,110,920,000",3.386,,,,,
6/27/16,"112,110,920,000",3.386,,,,,
6/28/16,"112,110,920,000",3.386,,,,,
6/29/16,"112,110,920,000",3.386,,,,,
6/30/16,"112,110,920,000",3.386,,,,,
7/1/16,"112,110,920,000",3.386,,,,,
7/4/16,"112,110,920,000",3.386,,,,,
7/5/16,"112,110,920,000",3.386,,,,,
7/6/16,"112,110,920,000",3.386,,,,,
7/7/16,"112,110,920,000",3.386,,,,,
7/8/16,"112,110,920,000",3.386,,,,,
7/11/16,"112,110,920,000",3.386,,,,,
7/12/16,"112,110,920,000",3.386,,,,,
7/13/16,"112,110,920,000",3.386,,,,,
7/14/16,"112,110,920,000",3.386,,,,,
7/15/16,"112,110,920,000",3.386,,,,,
7/18/16,"112,110,920,000",3.386,,,,,
7/19/16,"112,110,920,000",3.386,,,,,
7/20/16,"112,110,920,000",3.386,,,,,
7/21/16,"112,110,920,000",3.386,,,,,
7/22/16,"112,110,920,000",3.386,,,,,
7/25/16,"112,110,920,000",3.386,,,,,
7/26/16,"112,110,920,000",3.386,,,,,
7/27/16,"112,110,920,000",3.386,,,,,
7/28/16,"112,110,920,000",3.386,,,,,
7/29/16,"112,110,920,000",3.386,,,,,
8/1/16,"112,110,920,000",3.386,,,,,
8/2/16,"112,110,920,000",3.386,,,,,
8/3/16,"112,110,920,000",3.386,,,,,
8/4/16,"112,110,920,000",3.386,,,,,
8/5/16,"112,110,920,000",3.386,,,,,
8/8/16,"112,110,920,000",3.386,,,,,
8/9/16,"112,110,920,000",3.386,,,,,
8/10/16,"112,110,920,000",3.386,,,,,
8/11/16,"112,110,920,000",3.386,,,,,
8/12/16,"112,110,920,000",3.386,,,,,
8/15/16,"112,110,920,000",3.386,,,,,
8/16/16,"112,110,920,000",3.386,,,,,
8/17/16,"112,110,920,000",3.386,,,,,
8/18/16,"112,110,920,000",3.386,,,,,
8/19/16,"112,110,920,000",3.386,,,,,
8/22/16,"112,110,920,000",3.386,,,,,
8/23/16,"112,110,920,000",3.386,,,,,
8/24/16,"112,110,920,000",3.386,,,,,
8/25/16,"112,110,920,000",3.386,,,,,
8/26/16,"112,110,920,000",3.386,,,,,
8/29/16,"112,110,920,000",3.386,,,,,
8/30/16,"112,110,920,000",3.386,,,,,
8/31/16,"112,110,920,000",3.386,,,,,
9/1/16,"112,110,920,000",3.386,,,,,
9/2/16,"112,110,920,000",3.386,,,,,
9/5/16,"112,110,920,000",3.386,,,,,
9/6/16,"112,110,920,000",3.386,,,,,
9/7/16,"112,110,920,000",3.386,,,,,
9/8/16,"112,110,920,000",3.386,,,,,
9/9/16,"112,110,920,000",3.386,,,,,
9/12/16,"112,110,920,000",3.386,,,,,
9/13/16,"112,110,920,000",3.386,,,,,
9/14/16,"112,110,920,000",3.386,,,,,
9/15/16,"112,110,920,000",3.386,,,,,
9/16/16,"112,110,920,000",3.386,,,,,
9/19/16,"112,110,920,000",3.386,,,,,
9/20/16,"112,110,920,000",3.386,,,,,
9/21/16,"112,110,920,000",3.386,,,,,
9/22/16,"112,110,920,000",3.386,,,,,
9/23/16,"112,110,920,000",3.386,,,,,
9/26/16,"112,110,920,000",3.386,,,,,
9/27/16,"112,110,920,000",3.386,,,,,
9/28/16,"112,110,920,000",3.386,,,,,
9/29/16,"112,110,920,000",3.386,,,,,
9/30/16,"112,110,920,000",3.386,,,,,
10/3/16,"112,110,920,000",3.386,,,,,
10/4/16,"112,110,920,000",3.386,,,,,
10/5/16,"112,110,920,000",3.386,,,,,
10/6/16,"112,110,920,000",3.386,,,,,
10/7/16,"112,110,920,000",3.386,,,,,
10/10/16,"112,110,920,000",3.386,,,,,
10/11/16,"112,110,920,000",3.386,,,,,
10/12/16,"112,110,920,000",3.386,,,,,
10/13/16,"112,110,920,000",3.386,,,,,
10/14/16,"112,110,920,000",3.386,,,,,
10/17/16,"112,110,920,000",3.386,,,,,
10/18/16,"112,110,920,000",3.386,,,,,
10/19/16,"112,110,920,000",3.386,,,,,
10/20/16,"112,110,920,000",3.386,,,,,
10/21/16,"112,110,920,000",3.386,,,,,
10/24/16,"112,110,920,000",3.386,,,,,
10/25/16,"112,110,920,000",3.386,,,,,
10/26/16,"112,110,920,000",3.386,,,,,
10/27/16,"112,110,920,000",3.386,,,,,
10/28/16,"112,110,920,000",3.386,,,,,
10/31/16,"112,110,920,000",3.386,,,,,
11/1/16,"112,110,920,000",3.386,,,,,
11/2/16,"112,110,920,000",3.386,,,,,
11/3/16,"112,110,920,000",3.386,,,,,
11/4/16,"112,110,920,000",3.386,,,,,
11/7/16,"112,110,920,000",3.386,,,,,
11/8/16,"112,110,920,000",3.386,,,,,
11/9/16,"112,110,920,000",3.386,,,,,
11/10/16,"112,110,920,000",3.386,,,,,
11/11/16,"112,110,920,000",3.386,,,,,
11/14/16,"112,110,920,000",3.386,,,,,
11/15/16,"112,110,920,000",3.386,,,,,
11/16/16,"112,110,920,000",3.386,,,,,
11/17/16,"112,110,920,000",3.386,,,,,
11/18/16,"112,110,920,000",3.386,,,,,
11/21/16,"112,110,920,000",3.386,,,,,
11/22/16,"112,110,920,000",3.386,,,,,
11/23/16,"112,110,920,000",3.386,,,,,
11/24/16,"112,110,920,000",3.386,,,,,
11/25/16,"112,110,920,000",3.386,,,,,
11/28/16,"112,110,920,000",3.386,,,,,
11/29/16,"112,110,920,000",3.386,,,,,
11/30/16,"112,110,920,000",3.386,,,,,
12/1/16,"112,110,920,000",3.386,,,,,
12/2/16,"112,110,920,000",3.386,,,,,
12/5/16,"112,110,920,000",3.386,,,,,
12/6/16,"112,110,920,000",3.386,,,,,
12/7/16,"112,110,920,000",3.386,,,,,
12/8/16,"112,110,920,000",3.386,,,,,
12/9/16,"112,110,920,000",3.386,,,,,
12/12/16,"112,110,920,000",3.386,,,,,
12/13/16,"112,110,920,000",3.386,,,,,
12/14/16,"112,110,920,000",3.386,,,,,
12/15/16,"112,110,920,000",3.386,,,,,
12/16/16,"112,110,920,000",3.386,,,,,
12/19/16,"112,110,920,000",3.386,,,,,
12/20/16,"112,110,920,000",3.386,,,,,
12/21/16,"112,110,920,000",3.386,,,,,
12/22/16,"112,110,920,000",3.386,,,,,
12/23/16,"112,110,920,000",3.386,,,,,
12/26/16,"112,110,920,000",3.386,,,,,
12/27/16,"112,110,920,000",3.386,,,,,
12/28/16,"112,110,920,000",3.386,,,,,
12/29/16,"112,110,920,000",3.386,,,,,
12/30/16,"112,110,920,000",3.386,,,,,
1/2/17,"152,328,667,848",4.046,,,,,
1/3/17,"152,328,667,848",4.046,,,,,
1/4/17,"152,328,667,848",4.046,,,,,
1/5/17,"152,328,667,848",4.046,,,,,
1/6/17,"152,328,667,848",4.046,,,,,
1/9/17,"152,328,667,848",4.046,,,,,
1/10/17,"152,328,667,848",4.046,,,,,
1/11/17,"152,328,667,848",4.046,,,,,
1/12/17,"152,328,667,848",4.046,,,,,
1/13/17,"152,328,667,848",4.046,,,,,
1/16/17,"152,328,667,848",4.046,,,,,
1/17/17,"152,328,667,848",4.046,,,,,
1/18/17,"152,328,667,848",4.046,,,,,
1/19/17,"152,328,667,848",4.046,,,,,
1/20/17,"152,328,667,848",4.046,,,,,
1/23/17,"152,328,667,848",4.046,,,,,
1/24/17,"152,328,667,848",4.046,,,,,
1/25/17,"152,328,667,848",4.046,,,,,
1/26/17,"152,328,667,848",4.046,,,,,
1/27/17,"152,328,667,848",4.046,,,,,
1/30/17,"152,328,667,848",4.046,,,,,
1/31/17,"152,328,667,848",4.046,,,,,
2/1/17,"152,328,667,848",4.046,,,,,
2/2/17,"152,328,667,848",4.046,,,,,
2/3/17,"152,328,667,848",4.046,,,,,
2/6/17,"152,328,667,848",4.046,,,,,
2/7/17,"152,328,667,848",4.046,,,,,
2/8/17,"152,328,667,848",4.046,,,,,
2/9/17,"152,328,667,848",4.046,,,,,
2/10/17,"152,328,667,848",4.046,,,,,
2/13/17,"152,328,667,848",4.046,,,,,
2/14/17,"152,328,667,848",4.046,,,,,
2/15/17,"152,328,667,848",4.046,,,,,
2/16/17,"152,328,667,848",4.046,,,,,
2/17/17,"152,328,667,848",4.046,,,,,
2/20/17,"152,328,667,848",4.046,,,,,
2/21/17,"152,328,667,848",4.046,,,,,
2/22/17,"152,328,667,848",4.046,,,,,
2/23/17,"152,328,667,848",4.046,,,,,
2/24/17,"152,328,667,848",4.046,,,,,
2/27/17,"152,328,667,848",4.046,,,,,
2/28/17,"152,328,667,848",4.046,,,,,
3/1/17,"152,328,667,848",4.046,,,,,
3/2/17,"152,328,667,848",4.046,,,,,
3/3/17,"152,328,667,848",4.046,,,,,
3/6/17,"152,328,667,848",4.046,,,,,
3/7/17,"152,328,667,848",4.046,,,,,
3/8/17,"152,328,667,848",4.046,,,,,
3/9/17,"152,328,667,848",4.046,,,,,
3/10/17,"152,328,667,848",4.046,,,,,
3/13/17,"152,328,667,848",4.046,,,,,
3/14/17,"152,328,667,848",4.046,,,,,
3/15/17,"152,328,667,848",4.046,,,,,
3/16/17,"152,328,667,848",4.046,,,,,
3/17/17,"152,328,667,848",4.046,,,,,
3/20/17,"152,328,667,848",4.046,,,,,
3/21/17,"152,328,667,848",4.046,,,,,
3/22/17,"152,328,667,848",4.046,,,,,
3/23/17,"152,328,667,848",4.046,,,,,
3/24/17,"152,328,667,848",4.046,,,,,
3/27/17,"152,328,667,848",4.046,,,,,
3/28/17,"152,328,667,848",4.046,,,,,
3/29/17,"152,328,667,848",4.046,,,,,
3/30/17,"152,328,667,848",4.046,,,,,
3/31/17,"152,328,667,848",4.046,,,,,
4/3/17,"152,328,667,848",4.046,,,,,
4/4/17,"152,328,667,848",4.046,,,,,
4/5/17,"152,328,667,848",4.046,,,,,
4/6/17,"152,328,667,848",4.046,,,,,
4/7/17,"152,328,667,848",4.046,,,,,
4/10/17,"152,328,667,848",4.046,,,,,
4/11/17,"152,328,667,848",4.046,,,,,
4/12/17,"152,328,667,848",4.046,,,,,
4/13/17,"152,328,667,848",4.046,,,,,
4/14/17,"152,328,667,848",4.046,,,,,
4/17/17,"152,328,667,848",4.046,,,,,
4/18/17,"152,328,667,848",4.046,,,,,
4/19/17,"152,328,667,848",4.046,,,,,
4/20/17,"152,328,667,848",4.046,,,,,
4/21/17,"152,328,667,848",4.046,,,,,
4/24/17,"152,328,667,848",4.046,,,,,
4/25/17,"152,328,667,848",4.046,,,,,
4/26/17,"152,328,667,848",4.046,,,,,
4/27/17,"152,328,667,848",4.046,,,,,
4/28/17,"152,328,667,848",4.046,,,,,
5/1/17,"152,328,667,848",4.046,,,,,
5/2/17,"152,328,667,848",4.046,,,,,
5/3/17,"152,328,667,848",4.046,,,,,
5/4/17,"152,328,667,848",4.046,,,,,
5/5/17,"152,328,667,848",4.046,,,,,
5/8/17,"152,328,667,848",4.046,,,,,
5/9/17,"152,328,667,848",4.046,,,,,
5/10/17,"152,328,667,848",4.046,,,,,
5/11/17,"152,328,667,848",4.046,,,,,
5/12/17,"152,328,667,848",4.046,,,,,
5/15/17,"152,328,667,848",4.046,,,,,
5/16/17,"152,328,667,848",4.046,,,,,
5/17/17,"152,328,667,848",4.046,,,,,
5/18/17,"152,328,667,848",4.046,,,,,
5/19/17,"152,328,667,848",4.046,,,,,
5/22/17,"152,328,667,848",4.046,,,,,
5/23/17,"152,328,667,848",4.046,,,,,
5/24/17,"152,328,667,848",4.046,,,,,
5/25/17,"152,328,667,848",4.046,,,,,
5/26/17,"152,328,667,848",4.046,,,,,
5/29/17,"152,328,667,848",4.046,,,,,
5/30/17,"152,328,667,848",4.046,,,,,
5/31/17,"152,328,667,848",4.046,,,,,
6/1/17,"152,328,667,848",4.046,,,,,
6/2/17,"152,328,667,848",4.046,,,,,
6/5/17,"152,328,667,848",4.046,,,,,
6/6/17,"152,328,667,848",4.046,,,,,
6/7/17,"152,328,667,848",4.046,,,,,
6/8/17,"152,328,667,848",4.046,,,,,
6/9/17,"152,328,667,848",4.046,,,,,
6/12/17,"152,328,667,848",4.046,,,,,
6/13/17,"152,328,667,848",4.046,,,,,
6/14/17,"152,328,667,848",4.046,,,,,
6/15/17,"152,328,667,848",4.046,,,,,
6/16/17,"152,328,667,848",4.046,,,,,
6/19/17,"152,328,667,848",4.046,,,,,
6/20/17,"152,328,667,848",4.046,,,,,
6/21/17,"152,328,667,848",4.046,,,,,
6/22/17,"152,328,667,848",4.046,,,,,
6/23/17,"152,328,667,848",4.046,,,,,
6/26/17,"152,328,667,848",4.046,,,,,
6/27/17,"152,328,667,848",4.046,,,,,
6/28/17,"152,328,667,848",4.046,,,,,
6/29/17,"152,328,667,848",4.046,,,,,
6/30/17,"152,328,667,848",4.046,,,,,
7/3/17,"152,328,667,848",4.046,,,,,
7/4/17,"152,328,667,848",4.046,,,,,
7/5/17,"152,328,667,848",4.046,,,,,
7/6/17,"152,328,667,848",4.046,,,,,
7/7/17,"152,328,667,848",4.046,,,,,
7/10/17,"152,328,667,848",4.046,,,,,
7/11/17,"152,328,667,848",4.046,,,,,
7/12/17,"152,328,667,848",4.046,,,,,
7/13/17,"152,328,667,848",4.046,,,,,
7/14/17,"152,328,667,848",4.046,,,,,
7/17/17,"152,328,667,848",4.046,,,,,
7/18/17,"152,328,667,848",4.046,,,,,
7/19/17,"152,328,667,848",4.046,,,,,
7/20/17,"152,328,667,848",4.046,,,,,
7/21/17,"152,328,667,848",4.046,,,,,
7/24/17,"152,328,667,848",4.046,,,,,
7/25/17,"152,328,667,848",4.046,,,,,
7/26/17,"152,328,667,848",4.046,,,,,
7/27/17,"152,328,667,848",4.046,,,,,
7/28/17,"152,328,667,848",4.046,,,,,
7/31/17,"152,328,667,848",4.046,,,,,
8/1/17,"152,328,667,848",4.046,,,,,
8/2/17,"152,328,667,848",4.046,,,,,
8/3/17,"152,328,667,848",4.046,,,,,
8/4/17,"152,328,667,848",4.046,,,,,
8/7/17,"152,328,667,848",4.046,,,,,
8/8/17,"152,328,667,848",4.046,,,,,
8/9/17,"152,328,667,848",4.046,,,,,
8/10/17,"152,328,667,848",4.046,,,,,
8/11/17,"152,328,667,848",4.046,,,,,
8/14/17,"152,328,667,848",4.046,,,,,
8/15/17,"152,328,667,848",4.046,,,,,
8/16/17,"152,328,667,848",4.046,,,,,
8/17/17,"152,328,667,848",4.046,,,,,
8/18/17,"152,328,667,848",4.046,,,,,
8/21/17,"152,328,667,848",4.046,,,,,
8/22/17,"152,328,667,848",4.046,,,,,
8/23/17,"152,328,667,848",4.046,,,,,
8/24/17,"152,328,667,848",4.046,,,,,
8/25/17,"152,328,667,848",4.046,,,,,
8/28/17,"152,328,667,848",4.046,,,,,
8/29/17,"152,328,667,848",4.046,,,,,
8/30/17,"152,328,667,848",4.046,,,,,
8/31/17,"152,328,667,848",4.046,,,,,
9/1/17,"152,328,667,848",4.046,,,,,
9/4/17,"152,328,667,848",4.046,,,,,
9/5/17,"152,328,667,848",4.046,,,,,
9/6/17,"152,328,667,848",4.046,,,,,
9/7/17,"152,328,667,848",4.046,,,,,
9/8/17,"152,328,667,848",4.046,,,,,
9/11/17,"152,328,667,848",4.046,,,,,
9/12/17,"152,328,667,848",4.046,,,,,
9/13/17,"152,328,667,848",4.046,,,,,
9/14/17,"152,328,667,848",4.046,,,,,
9/15/17,"152,328,667,848",4.046,,,,,
9/18/17,"152,328,667,848",4.046,,,,,
9/19/17,"152,328,667,848",4.046,,,,,
9/20/17,"152,328,667,848",4.046,,,,,
9/21/17,"152,328,667,848",4.046,,,,,
9/22/17,"152,328,667,848",4.046,,,,,
9/25/17,"152,328,667,848",4.046,,,,,
9/26/17,"152,328,667,848",4.046,,,,,
9/27/17,"152,328,667,848",4.046,,,,,
9/28/17,"152,328,667,848",4.046,,,,,
9/29/17,"152,328,667,848",4.046,,,,,
10/2/17,"152,328,667,848",4.046,,,,,
10/3/17,"152,328,667,848",4.046,,,,,
10/4/17,"152,328,667,848",4.046,,,,,
10/5/17,"152,328,667,848",4.046,,,,,
10/6/17,"152,328,667,848",4.046,,,,,
10/9/17,"152,328,667,848",4.046,,,,,
10/10/17,"152,328,667,848",4.046,,,,,
10/11/17,"152,328,667,848",4.046,,,,,
10/12/17,"152,328,667,848",4.046,,,,,
10/13/17,"152,328,667,848",4.046,,,,,
10/16/17,"152,328,667,848",4.046,,,,,
10/17/17,"152,328,667,848",4.046,,,,,
10/18/17,"152,328,667,848",4.046,,,,,
10/19/17,"152,328,667,848",4.046,,,,,
10/20/17,"152,328,667,848",4.046,,,,,
10/23/17,"152,328,667,848",4.046,,,,,
10/24/17,"152,328,667,848",4.046,,,,,
10/25/17,"152,328,667,848",4.046,,,,,
10/26/17,"152,328,667,848",4.046,,,,,
10/27/17,"152,328,667,848",4.046,,,,,
10/30/17,"152,328,667,848",4.046,,,,,
10/31/17,"152,328,667,848",4.046,,,,,
11/1/17,"152,328,667,848",4.046,,,,,
11/2/17,"152,328,667,848",4.046,,,,,
11/3/17,"152,328,667,848",4.046,,,,,
11/6/17,"152,328,667,848",4.046,,,,,
11/7/17,"152,328,667,848",4.046,,,,,
11/8/17,"152,328,667,848",4.046,,,,,
11/9/17,"152,328,667,848",4.046,,,,,
11/10/17,"152,328,667,848",4.046,,,,,
11/13/17,"152,328,667,848",4.046,,,,,
11/14/17,"152,328,667,848",4.046,,,,,
11/15/17,"152,328,667,848",4.046,,,,,
11/16/17,"152,328,667,848",4.046,,,,,
11/17/17,"152,328,667,848",4.046,,,,,
11/20/17,"152,328,667,848",4.046,,,,,
11/21/17,"152,328,667,848",4.046,,,,,
11/22/17,"152,328,667,848",4.046,,,,,
11/23/17,"152,328,667,848",4.046,,,,,
11/24/17,"152,328,667,848",4.046,,,,,
11/27/17,"152,328,667,848",4.046,,,,,
11/28/17,"152,328,667,848",4.046,,,,,
11/29/17,"152,328,667,848",4.046,,,,,
11/30/17,"152,328,667,848",4.046,,,,,
12/1/17,"152,328,667,848",4.046,,,,,
12/4/17,"152,328,667,848",4.046,,,,,
12/5/17,"152,328,667,848",4.046,,,,,
12/6/17,"152,328,667,848",4.046,,,,,
12/7/17,"152,328,667,848",4.046,,,,,
12/8/17,"152,328,667,848",4.046,,,,,
12/11/17,"152,328,667,848",4.046,,,,,
12/12/17,"152,328,667,848",4.046,,,,,
12/13/17,"152,328,667,848",4.046,,,,,
12/14/17,"152,328,667,848",4.046,,,,,
12/15/17,"152,328,667,848",4.046,,,,,
12/18/17,"152,328,667,848",4.046,,,,,
12/19/17,"152,328,667,848",4.046,,,,,
12/20/17,"152,328,667,848",4.046,,,,,
12/21/17,"152,328,667,848",4.046,,,,,
12/22/17,"152,328,667,848",4.046,,,,,
12/25/17,"152,328,667,848",4.046,,,,,
12/26/17,"152,328,667,848",4.046,,,,,
12/27/17,"152,328,667,848",4.046,,,,,
12/28/17,"152,328,667,848",4.046,,,,,
12/29/17,"152,328,667,848",4.046,,,,,
1/1/18,"213,640,609,806",4.716,,,,,
1/2/18,"213,640,609,806",4.716,,,,,
1/3/18,"213,640,609,806",4.716,,,,,
1/4/18,"213,640,609,806",4.716,,,,,
1/5/18,"213,640,609,806",4.716,,,,,
1/8/18,"213,640,609,806",4.716,,,,,
1/9/18,"213,640,609,806",4.716,,,,,
1/10/18,"213,640,609,806",4.716,,,,,
1/11/18,"213,640,609,806",4.716,,,,,
1/12/18,"213,640,609,806",4.716,,,,,
1/15/18,"213,640,609,806",4.716,,,,,
1/16/18,"213,640,609,806",4.716,,,,,
1/17/18,"213,640,609,806",4.716,,,,,
1/18/18,"213,640,609,806",4.716,,,,,
1/19/18,"213,640,609,806",4.716,,,,,
1/22/18,"213,640,609,806",4.716,,,,,
1/23/18,"213,640,609,806",4.716,,,,,
1/24/18,"213,640,609,806",4.716,,,,,
1/25/18,"213,640,609,806",4.716,,,,,
1/26/18,"213,640,609,806",4.716,,,,,
1/29/18,"213,640,609,806",4.716,,,,,
1/30/18,"213,640,609,806",4.716,,,,,
1/31/18,"213,640,609,806",4.716,,,,,
2/1/18,"213,640,609,806",4.716,,,,,
2/2/18,"213,640,609,806",4.716,,,,,
2/5/18,"213,640,609,806",4.716,,,,,
2/6/18,"213,640,609,806",4.716,,,,,
2/7/18,"213,640,609,806",4.716,,,,,
2/8/18,"213,640,609,806",4.716,,,,,
2/9/18,"213,640,609,806",4.716,,,,,
2/12/18,"213,640,609,806",4.716,,,,,
2/13/18,"213,640,609,806",4.716,,,,,
2/14/18,"213,640,609,806",4.716,,,,,
2/15/18,"213,640,609,806",4.716,,,,,
2/16/18,"213,640,609,806",4.716,,,,,
2/19/18,"213,640,609,806",4.716,,,,,
2/20/18,"213,640,609,806",4.716,,,,,
2/21/18,"213,640,609,806",4.716,,,,,
2/22/18,"213,640,609,806",4.716,,,,,
2/23/18,"213,640,609,806",4.716,,,,,
2/26/18,"213,640,609,806",4.716,,,,,
2/27/18,"213,640,609,806",4.716,,,,,
2/28/18,"213,640,609,806",4.716,,,,,
3/1/18,"213,640,609,806",4.716,,,,,
3/2/18,"213,640,609,806",4.716,,,,,
3/5/18,"213,640,609,806",4.716,,,,,
3/6/18,"213,640,609,806",4.716,,,,,
3/7/18,"213,640,609,806",4.716,,,,,
3/8/18,"213,640,609,806",4.716,,,,,
3/9/18,"213,640,609,806",4.716,,,,,
3/12/18,"213,640,609,806",4.716,,,,,
3/13/18,"213,640,609,806",4.716,,,,,
3/14/18,"213,640,609,806",4.716,,,,,
3/15/18,"213,640,609,806",4.716,,,,,
3/16/18,"213,640,609,806",4.716,,,,,
3/19/18,"213,640,609,806",4.716,,,,,
3/20/18,"213,640,609,806",4.716,,,,,
3/21/18,"213,640,609,806",4.716,,,,,
3/22/18,"213,640,609,806",4.716,,,,,
3/23/18,"213,640,609,806",4.716,,,,,
3/26/18,"213,640,609,806",4.716,,,,,
3/27/18,"213,640,609,806",4.716,,,,,
3/28/18,"213,640,609,806",4.716,,,,,
3/29/18,"213,640,609,806",4.716,,,,,
3/30/18,"213,640,609,806",4.716,,,,,
4/2/18,"213,640,609,806",4.716,,,,,
4/3/18,"213,640,609,806",4.716,,,,,
4/4/18,"213,640,609,806",4.716,,,,,
4/5/18,"213,640,609,806",4.716,,,,,
4/6/18,"213,640,609,806",4.716,,,,,
4/9/18,"213,640,609,806",4.716,,,,,
4/10/18,"213,640,609,806",4.716,,,,,
4/11/18,"213,640,609,806",4.716,,,,,
4/12/18,"213,640,609,806",4.716,,,,,
4/13/18,"213,640,609,806",4.716,,,,,
4/16/18,"213,640,609,806",4.716,,,,,
4/17/18,"213,640,609,806",4.716,,,,,
4/18/18,"213,640,609,806",4.716,,,,,
4/19/18,"213,640,609,806",4.716,,,,,
4/20/18,"213,640,609,806",4.716,,,,,
4/23/18,"213,640,609,806",4.716,,,,,
4/24/18,"213,640,609,806",4.716,,,,,
4/25/18,"213,640,609,806",4.716,,,,,
4/26/18,"213,640,609,806",4.716,,,,,
4/27/18,"213,640,609,806",4.716,,,,,
4/30/18,"213,640,609,806",4.716,,,,,
5/1/18,"213,640,609,806",4.716,,,,,
5/2/18,"213,640,609,806",4.716,,,,,
5/3/18,"213,640,609,806",4.716,,,,,
5/4/18,"213,640,609,806",4.716,,,,,
5/7/18,"213,640,609,806",4.716,,,,,
5/8/18,"213,640,609,806",4.716,,,,,
5/9/18,"213,640,609,806",4.716,,,,,
5/10/18,"213,640,609,806",4.716,,,,,
5/11/18,"213,640,609,806",4.716,,,,,
5/14/18,"213,640,609,806",4.716,,,,,
5/15/18,"213,640,609,806",4.716,,,,,
5/16/18,"213,640,609,806",4.716,,,,,
5/17/18,"213,640,609,806",4.716,,,,,
5/18/18,"213,640,609,806",4.716,,,,,
5/21/18,"213,640,609,806",4.716,,,,,
5/22/18,"213,640,609,806",4.716,,,,,
5/23/18,"213,640,609,806",4.716,,,,,
5/24/18,"213,640,609,806",4.716,,,,,
5/25/18,"213,640,609,806",4.716,,,,,
5/28/18,"213,640,609,806",4.716,,,,,
5/29/18,"213,640,609,806",4.716,,,,,
5/30/18,"213,640,609,806",4.716,,,,,
5/31/18,"213,640,609,806",4.716,,,,,
6/1/18,"213,640,609,806",4.716,,,,,
6/4/18,"213,640,609,806",4.716,,,,,
6/5/18,"213,640,609,806",4.716,,,,,
6/6/18,"213,640,609,806",4.716,,,,,
6/7/18,"213,640,609,806",4.716,,,,,
6/8/18,"213,640,609,806",4.716,,,,,
6/11/18,"213,640,609,806",4.716,,,,,
6/12/18,"213,640,609,806",4.716,,,,,
6/13/18,"213,640,609,806",4.716,,,,,
6/14/18,"213,640,609,806",4.716,,,,,
6/15/18,"213,640,609,806",4.716,,,,,
6/18/18,"213,640,609,806",4.716,,,,,
6/19/18,"213,640,609,806",4.716,,,,,
6/20/18,"213,640,609,806",4.716,,,,,
6/21/18,"213,640,609,806",4.716,,,,,
6/22/18,"213,640,609,806",4.716,,,,,
6/25/18,"213,640,609,806",4.716,,,,,
6/26/18,"213,640,609,806",4.716,,,,,
6/27/18,"213,640,609,806",4.716,,,,,
6/28/18,"213,640,609,806",4.716,,,,,
6/29/18,"213,640,609,806",4.716,,,,,
7/2/18,"213,640,609,806",4.716,,,,,
7/3/18,"213,640,609,806",4.716,,,,,
7/4/18,"213,640,609,806",4.716,,,,,
7/5/18,"213,640,609,806",4.716,,,,,
7/6/18,"213,640,609,806",4.716,,,,,
7/9/18,"213,640,609,806",4.716,,,,,
7/10/18,"213,640,609,806",4.716,,,,,
7/11/18,"213,640,609,806",4.716,,,,,
7/12/18,"213,640,609,806",4.716,,,,,
7/13/18,"213,640,609,806",4.716,,,,,
7/16/18,"213,640,609,806",4.716,,,,,
7/17/18,"213,640,609,806",4.716,,,,,
7/18/18,"213,640,609,806",4.716,,,,,
7/19/18,"213,640,609,806",4.716,,,,,
7/20/18,"213,640,609,806",4.716,,,,,
7/23/18,"213,640,609,806",4.716,,,,,
7/24/18,"213,640,609,806",4.716,,,,,
7/25/18,"213,640,609,806",4.716,,,,,
7/26/18,"213,640,609,806",4.716,,,,,
7/27/18,"213,640,609,806",4.716,,,,,
7/30/18,"213,640,609,806",4.716,,,,,
7/31/18,"213,640,609,806",4.716,,,,,
8/1/18,"213,640,609,806",4.716,,,,,
8/2/18,"213,640,609,806",4.716,,,,,
8/3/18,"213,640,609,806",4.716,,,,,
8/6/18,"213,640,609,806",4.716,,,,,
8/7/18,"213,640,609,806",4.716,,,,,
8/8/18,"213,640,609,806",4.716,,,,,
8/9/18,"213,640,609,806",4.716,,,,,
8/10/18,"213,640,609,806",4.716,,,,,
8/13/18,"213,640,609,806",4.716,,,,,
8/14/18,"213,640,609,806",4.716,,,,,
8/15/18,"213,640,609,806",4.716,,,,,
8/16/18,"213,640,609,806",4.716,,,,,
8/17/18,"213,640,609,806",4.716,,,,,
8/20/18,"213,640,609,806",4.716,,,,,
8/21/18,"213,640,609,806",4.716,,,,,
8/22/18,"213,640,609,806",4.716,,,,,
8/23/18,"213,640,609,806",4.716,,,,,
8/24/18,"213,640,609,806",4.716,,,,,
8/27/18,"213,640,609,806",4.716,,,,,
8/28/18,"213,640,609,806",4.716,,,,,
8/29/18,"213,640,609,806",4.716,,,,,
8/30/18,"213,640,609,806",4.716,,,,,
8/31/18,"213,640,609,806",4.716,,,,,
9/3/18,"213,640,609,806",4.716,,,,,
9/4/18,"213,640,609,806",4.716,,,,,
9/5/18,"213,640,609,806",4.716,,,,,
9/6/18,"213,640,609,806",4.716,,,,,
9/7/18,"213,640,609,806",4.716,,,,,
9/10/18,"213,640,609,806",4.716,,,,,
9/11/18,"213,640,609,806",4.716,,,,,
9/12/18,"213,640,609,806",4.716,,,,,
9/13/18,"213,640,609,806",4.716,,,,,
9/14/18,"213,640,609,806",4.716,,,,,
9/17/18,"213,640,609,806",4.716,,,,,
9/18/18,"213,640,609,806",4.716,,,,,
9/19/18,"213,640,609,806",4.716,,,,,
9/20/18,"213,640,609,806",4.716,,,,,
9/21/18,"213,640,609,806",4.716,,,,,
9/24/18,"213,640,609,806",4.716,,,,,
9/25/18,"213,640,609,806",4.716,,,,,
9/26/18,"213,640,609,806",4.716,,,,,
9/27/18,"213,640,609,806",4.716,,,,,
9/28/18,"213,640,609,806",4.716,,,,,
10/1/18,"213,640,609,806",4.716,,,,,
10/2/18,"213,640,609,806",4.716,,,,,
10/3/18,"213,640,609,806",4.716,,,,,
10/4/18,"213,640,609,806",4.716,,,,,
10/5/18,"213,640,609,806",4.716,,,,,
10/8/18,"213,640,609,806",4.716,,,,,
10/9/18,"213,640,609,806",4.716,,,,,
10/10/18,"213,640,609,806",4.716,,,,,
10/11/18,"213,640,609,806",4.716,,,,,
10/12/18,"213,640,609,806",4.716,,,,,
10/15/18,"213,640,609,806",4.716,,,,,
10/16/18,"213,640,609,806",4.716,,,,,
10/17/18,"213,640,609,806",4.716,,,,,
10/18/18,"213,640,609,806",4.716,,,,,
10/19/18,"213,640,609,806",4.716,,,,,
10/22/18,"213,640,609,806",4.716,,,,,
10/23/18,"213,640,609,806",4.716,,,,,
10/24/18,"213,640,609,806",4.716,,,,,
10/25/18,"213,640,609,806",4.716,,,,,
10/26/18,"213,640,609,806",4.716,,,,,
10/29/18,"213,640,609,806",4.716,,,,,
10/30/18,"213,640,609,806",4.716,,,,,
10/31/18,"213,640,609,806",4.716,,,,,
11/1/18,"213,640,609,806",4.716,,,,,
11/2/18,"213,640,609,806",4.716,,,,,
11/5/18,"213,640,609,806",4.716,,,,,
11/6/18,"213,640,609,806",4.716,,,,,
11/7/18,"213,640,609,806",4.716,,,,,
11/8/18,"213,640,609,806",4.716,,,,,
11/9/18,"213,640,609,806",4.716,,,,,
11/12/18,"213,640,609,806",4.716,,,,,
11/13/18,"213,640,609,806",4.716,,,,,
11/14/18,"213,640,609,806",4.716,,,,,
11/15/18,"213,640,609,806",4.716,,,,,
11/16/18,"213,640,609,806",4.716,,,,,
11/19/18,"213,640,609,806",4.716,,,,,
11/20/18,"213,640,609,806",4.716,,,,,
11/21/18,"213,640,609,806",4.716,,,,,
11/22/18,"213,640,609,806",4.716,,,,,
11/23/18,"213,640,609,806",4.716,,,,,
11/26/18,"213,640,609,806",4.716,,,,,
11/27/18,"213,640,609,806",4.716,,,,,
11/28/18,"213,640,609,806",4.716,,,,,
11/29/18,"213,640,609,806",4.716,,,,,
11/30/18,"213,640,609,806",4.716,,,,,
12/3/18,"213,640,609,806",4.716,,,,,
12/4/18,"213,640,609,806",4.716,,,,,
12/5/18,"213,640,609,806",4.716,,,,,
12/6/18,"213,640,609,806",4.716,,,,,
12/7/18,"213,640,609,806",4.716,,,,,
12/10/18,"213,640,609,806",4.716,,,,,
12/11/18,"213,640,609,806",4.716,,,,,
12/12/18,"213,640,609,806",4.716,,,,,
12/13/18,"213,640,609,806",4.716,,,,,
12/14/18,"213,640,609,806",4.716,,,,,
12/17/18,"213,640,609,806",4.716,,,,,
12/18/18,"213,640,609,806",4.716,,,,,
12/19/18,"213,640,609,806",4.716,,,,,
12/20/18,"213,640,609,806",4.716,,,,,
12/21/18,"213,640,609,806",4.716,,,,,
12/24/18,"213,640,609,806",4.716,,,,,
12/25/18,"213,640,609,806",4.716,,,,,
12/26/18,"213,640,609,806",4.716,,,,,
12/27/18,"213,640,609,806",4.716,,,,,
12/28/18,"213,640,609,806",4.716,,,,,
12/31/18,"239,155,200,000",4.782,,,,,
1/1/19,"239,155,200,000",4.782,,,,,
1/2/19,"239,155,200,000",4.782,,,,,
1/3/19,"239,155,200,000",4.782,,,,,
1/4/19,"239,155,200,000",4.782,,,,,
1/7/19,"239,155,200,000",4.782,,,,,
1/8/19,"239,155,200,000",4.782,,,,,
1/9/19,"239,155,200,000",4.782,,,,,
1/10/19,"239,155,200,000",4.782,,,,,
1/11/19,"239,155,200,000",4.782,,,,,
1/14/19,"239,155,200,000",4.782,,,,,
1/15/19,"239,155,200,000",4.782,,,,,
1/16/19,"239,155,200,000",4.782,,,,,
1/17/19,"239,155,200,000",4.782,,,,,
1/18/19,"239,155,200,000",4.782,,,,,
1/21/19,"239,155,200,000",4.782,,,,,
1/22/19,"239,155,200,000",4.782,,,,,
1/23/19,"239,155,200,000",4.782,,,,,
1/24/19,"239,155,200,000",4.782,,,,,
1/25/19,"239,155,200,000",4.782,,,,,
1/28/19,"239,155,200,000",4.782,,,,,
1/29/19,"239,155,200,000",4.782,,,,,
1/30/19,"239,155,200,000",4.782,,,,,
1/31/19,"239,155,200,000",4.782,,,,,
2/1/19,"239,155,200,000",4.782,,,,,
2/4/19,"239,155,200,000",4.782,,,,,
2/5/19,"239,155,200,000",4.782,,,,,
2/6/19,"239,155,200,000",4.782,,,,,
2/7/19,"239,155,200,000",4.782,,,,,
2/8/19,"239,155,200,000",4.782,,,,,
2/11/19,"239,155,200,000",4.782,,,,,
2/12/19,"239,155,200,000",4.782,,,,,
2/13/19,"239,155,200,000",4.782,,,,,
2/14/19,"239,155,200,000",4.782,,,,,
2/15/19,"239,155,200,000",4.782,,,,,
2/18/19,"239,155,200,000",4.782,,,,,
2/19/19,"239,155,200,000",4.782,,,,,
2/20/19,"239,155,200,000",4.782,,,,,
2/21/19,"239,155,200,000",4.782,,,,,
2/22/19,"239,155,200,000",4.782,,,,,
2/25/19,"239,155,200,000",4.782,,,,,
2/26/19,"239,155,200,000",4.782,,,,,
2/27/19,"239,155,200,000",4.782,,,,,
2/28/19,"239,155,200,000",4.782,,,,,
3/1/19,"239,155,200,000",4.782,,,,,
3/4/19,"239,155,200,000",4.782,,,,,
3/5/19,"239,155,200,000",4.782,,,,,
3/6/19,"239,155,200,000",4.782,,,,,
3/7/19,"239,155,200,000",4.782,,,,,
3/8/19,"239,155,200,000",4.782,,,,,
3/11/19,"239,155,200,000",4.782,,,,,
3/12/19,"239,155,200,000",4.782,,,,,
3/13/19,"239,155,200,000",4.782,,,,,
3/14/19,"239,155,200,000",4.782,,,,,
3/15/19,"239,155,200,000",4.782,,,,,
3/18/19,"239,155,200,000",4.782,,,,,
3/19/19,"239,155,200,000",4.782,,,,,
3/20/19,"239,155,200,000",4.782,,,,,
3/21/19,"239,155,200,000",4.782,,,,,
3/22/19,"239,155,200,000",4.782,,,,,
3/25/19,"239,155,200,000",4.782,,,,,
3/26/19,"239,155,200,000",4.782,,,,,
3/27/19,"239,155,200,000",4.782,,,,,
3/28/19,"239,155,200,000",4.782,,,,,
3/29/19,"239,155,200,000",4.782,,,,,
4/1/19,"239,155,200,000",4.782,,,,,
4/2/19,"239,155,200,000",4.782,,,,,
4/3/19,"239,155,200,000",4.782,,,,,
4/4/19,"239,155,200,000",4.782,,,,,
4/5/19,"239,155,200,000",4.782,,,,,
4/8/19,"239,155,200,000",4.782,,,,,
4/9/19,"239,155,200,000",4.782,,,,,
4/10/19,"239,155,200,000",4.782,,,,,
4/11/19,"239,155,200,000",4.782,,,,,
4/12/19,"239,155,200,000",4.782,,,,,
4/15/19,"239,155,200,000",4.782,,,,,
4/16/19,"239,155,200,000",4.782,,,,,
4/17/19,"239,155,200,000",4.782,,,,,
4/18/19,"239,155,200,000",4.782,,,,,
4/19/19,"239,155,200,000",4.782,,,,,
4/22/19,"239,155,200,000",4.782,,,,,
4/23/19,"239,155,200,000",4.782,,,,,
4/24/19,"239,155,200,000",4.782,,,,,
4/25/19,"239,155,200,000",4.782,,,,,
4/26/19,"239,155,200,000",4.782,,,,,
4/29/19,"239,155,200,000",4.782,,,,,
4/30/19,"239,155,200,000",4.782,,,,,
5/1/19,"239,155,200,000",4.782,,,,,
5/2/19,"239,155,200,000",4.782,,,,,
5/3/19,"239,155,200,000",4.782,,,,,
5/6/19,"239,155,200,000",4.782,,,,,
5/7/19,"239,155,200,000",4.782,,,,,
5/8/19,"239,155,200,000",4.782,,,,,
5/9/19,"239,155,200,000",4.782,,,,,
5/10/19,"239,155,200,000",4.782,,,,,
5/13/19,"239,155,200,000",4.782,,,,,
5/14/19,"239,155,200,000",4.782,,,,,
5/15/19,"239,155,200,000",4.782,,,,,
5/16/19,"239,155,200,000",4.782,,,,,
5/17/19,"239,155,200,000",4.782,,,,,
5/20/19,"239,155,200,000",4.782,,,,,
5/21/19,"239,155,200,000",4.782,,,,,
5/22/19,"239,155,200,000",4.782,,,,,
5/23/19,"239,155,200,000",4.782,,,,,
5/24/19,"239,155,200,000",4.782,,,,,
5/27/19,"239,155,200,000",4.782,,,,,
5/28/19,"239,155,200,000",4.782,,,,,
5/29/19,"239,155,200,000",4.782,,,,,
5/30/19,"239,155,200,000",4.782,,,,,
5/31/19,"239,155,200,000",4.782,,,,,
6/3/19,"239,155,200,000",4.782,,,,,
6/4/19,"239,155,200,000",4.782,,,,,
6/5/19,"239,155,200,000",4.782,,,,,
6/6/19,"239,155,200,000",4.782,,,,,
6/7/19,"239,155,200,000",4.782,,,,,
6/10/19,"239,155,200,000",4.782,,,,,
6/11/19,"239,155,200,000",4.782,,,,,
6/12/19,"239,155,200,000",4.782,,,,,
6/13/19,"239,155,200,000",4.782,,,,,
6/14/19,"239,155,200,000",4.782,,,,,
6/17/19,"239,155,200,000",4.782,,,,,
6/18/19,"239,155,200,000",4.782,,,,,
6/19/19,"239,155,200,000",4.782,,,,,
6/20/19,"239,155,200,000",4.782,,,,,
6/21/19,"239,155,200,000",4.782,,,,,
6/24/19,"239,155,200,000",4.782,,,,,
6/25/19,"239,155,200,000",4.782,,,,,
6/26/19,"239,155,200,000",4.782,,,,,
6/27/19,"239,155,200,000",4.782,,,,,
6/28/19,"239,155,200,000",4.782,,,,,
7/1/19,"239,155,200,000",4.782,,,,,
7/2/19,"239,155,200,000",4.782,,,,,
7/3/19,"239,155,200,000",4.782,,,,,
7/4/19,"239,155,200,000",4.782,,,,,
7/5/19,"239,155,200,000",4.782,,,,,
7/8/19,"239,155,200,000",4.782,,,,,
7/9/19,"239,155,200,000",4.782,,,,,
7/10/19,"239,155,200,000",4.782,,,,,
7/11/19,"239,155,200,000",4.782,,,,,
7/12/19,"239,155,200,000",4.782,,,,,
7/15/19,"239,155,200,000",4.782,,,,,
7/16/19,"239,155,200,000",4.782,,,,,
7/17/19,"239,155,200,000",4.782,,,,,
7/18/19,"239,155,200,000",4.782,,,,,
7/19/19,"239,155,200,000",4.782,,,,,
7/22/19,"239,155,200,000",4.782,,,,,
7/23/19,"239,155,200,000",4.782,,,,,
7/24/19,"239,155,200,000",4.782,,,,,
7/25/19,"239,155,200,000",4.782,,,,,
7/26/19,"239,155,200,000",4.782,,,,,
7/29/19,"239,155,200,000",4.782,,,,,
7/30/19,"239,155,200,000",4.782,,,,,
7/31/19,"239,155,200,000",4.782,,,,,
8/1/19,"239,155,200,000",4.782,,,,,
8/2/19,"239,155,200,000",4.782,,,,,
8/3/19,"239,155,200,000",4.782,,,,,
8/4/19,"239,155,200,000",4.782,,,,,
8/5/19,"239,155,200,000",4.782,,,,,
8/6/19,"239,155,200,000",4.782,,,,,
8/7/19,"239,155,200,000",4.782,,,,,
8/8/19,"239,155,200,000",4.782,,,,,
8/9/19,"239,155,200,000",4.782,,,,,
8/10/19,"239,155,200,000",4.782,,,,,
8/11/19,"239,155,200,000",4.782,,,,,
8/12/19,"239,155,200,000",4.782,,,,,
8/13/19,"239,155,200,000",4.782,,,,,
8/14/19,"239,155,200,000",4.782,,,,,
8/15/19,"239,155,200,000",4.782,,,,,
8/16/19,"239,155,200,000",4.782,,,,,
8/17/19,"239,155,200,000",4.782,,,,,
8/18/19,"239,155,200,000",4.782,,,,,
8/19/19,"239,155,200,000",4.782,,,,,
8/20/19,"239,155,200,000",4.782,,,,,
8/21/19,"239,155,200,000",4.782,,,,,
8/22/19,"239,155,200,000",4.782,,,,,
8/23/19,"239,155,200,000",4.782,,,,,
8/24/19,"239,155,200,000",4.782,,,,,
8/25/19,"239,155,200,000",4.782,,,,,
8/26/19,"239,155,200,000",4.782,,,,,
8/27/19,"239,155,200,000",4.782,,,,,
8/28/19,"239,155,200,000",4.782,,,,,
8/29/19,"239,155,200,000",4.782,,,,,
8/30/19,"239,155,200,000",4.782,,,,,
8/31/19,"239,155,200,000",4.782,,,,,
9/1/19,"239,155,200,000",4.782,,,,,
9/2/19,"239,155,200,000",4.782,,,,,
9/3/19,"239,155,200,000",4.782,,,,,
9/4/19,"239,155,200,000",4.782,,,,,
9/5/19,"239,155,200,000",4.782,,,,,
9/6/19,"239,155,200,000",4.782,,,,,
9/7/19,"239,155,200,000",4.782,,,,,
9/8/19,"239,155,200,000",4.782,,,,,
9/9/19,"239,155,200,000",4.782,,,,,
9/10/19,"239,155,200,000",4.782,,,,,
9/11/19,"239,155,200,000",4.782,,,,,
9/12/19,"239,155,200,000",4.782,,,,,
9/13/19,"239,155,200,000",4.782,,,,,
9/14/19,"239,155,200,000",4.782,,,,,
9/15/19,"239,155,200,000",4.782,,,,,
9/16/19,"239,155,200,000",4.782,,,,,
9/17/19,"239,155,200,000",4.782,,,,,
9/18/19,"239,155,200,000",4.782,,,,,
9/19/19,"239,155,200,000",4.782,,,,,
9/20/19,"239,155,200,000",4.782,,,,,
9/21/19,"239,155,200,000",4.782,,,,,
9/22/19,"239,155,200,000",4.782,,,,,
9/23/19,"239,155,200,000",4.782,,,,,
9/24/19,"239,155,200,000",4.782,,,,,
9/25/19,"239,155,200,000",4.782,,,,,
9/26/19,"239,155,200,000",4.782,,,,,
9/27/19,"239,155,200,000",4.782,,,,,
9/28/19,"239,155,200,000",4.782,,,,,
9/29/19,"239,155,200,000",4.782,,,,,
9/30/19,"239,155,200,000",4.782,,,,,
10/1/19,"239,155,200,000",4.782,,,,,
10/2/19,"239,155,200,000",4.782,,,,,
10/3/19,"239,155,200,000",4.782,,,,,
10/4/19,"239,155,200,000",4.782,,,,,
10/5/19,"239,155,200,000",4.782,,,,,
10/6/19,"239,155,200,000",4.782,,,,,
10/7/19,"239,155,200,000",4.782,,,,,
10/8/19,"239,155,200,000",4.782,,,,,
10/9/19,"239,155,200,000",4.782,,,,,
10/10/19,"239,155,200,000",4.782,,,,,
10/11/19,"239,155,200,000",4.782,,,,,
10/12/19,"239,155,200,000",4.782,,,,,
10/13/19,"239,155,200,000",4.782,,,,,
10/14/19,"239,155,200,000",4.782,,,,,
10/15/19,"239,155,200,000",4.782,,,,,
10/16/19,"239,155,200,000",4.782,,,,,
10/17/19,"239,155,200,000",4.782,,,,,
10/18/19,"239,155,200,000",4.782,,,,,
10/19/19,"239,155,200,000",4.782,,,,,
10/20/19,"239,155,200,000",4.782,,,,,
10/21/19,"239,155,200,000",4.782,,,,,
10/22/19,"239,155,200,000",4.782,,,,,
10/23/19,"239,155,200,000",4.782,,,,,
10/24/19,"239,155,200,000",4.782,,,,,
10/25/19,"239,155,200,000",4.782,,,,,
10/26/19,"239,155,200,000",4.782,,,,,
10/27/19,"239,155,200,000",4.782,,,,,
10/28/19,"239,155,200,000",4.782,,,,,
10/29/19,"239,155,200,000",4.782,,,,,
10/30/19,"239,155,200,000",4.782,,,,,
10/31/19,"239,155,200,000",4.782,,,,,
11/1/19,"239,155,200,000",4.782,,,,,
11/2/19,"239,155,200,000",4.782,,,,,
11/3/19,"239,155,200,000",4.782,,,,,
11/4/19,"239,155,200,000",4.782,,,,,
11/5/19,"239,155,200,000",4.782,,,,,
11/6/19,"239,155,200,000",4.782,,,,,
11/7/19,"239,155,200,000",4.782,,,,,
11/8/19,"239,155,200,000",4.782,,,,,
11/9/19,"239,155,200,000",4.782,,,,,
11/10/19,"239,155,200,000",4.782,,,,,
11/11/19,"239,155,200,000",4.782,,,,,
11/12/19,"239,155,200,000",4.782,,,,,
11/13/19,"239,155,200,000",4.782,,,,,
11/14/19,"239,155,200,000",4.782,,,,,
11/15/19,"239,155,200,000",4.782,,,,,
11/16/19,"239,155,200,000",4.782,,,,,
11/17/19,"239,155,200,000",4.782,,,,,
11/18/19,"239,155,200,000",4.782,,,,,
11/19/19,"239,155,200,000",4.782,,,,,
11/20/19,"239,155,200,000",4.782,,,,,
11/21/19,"239,155,200,000",4.782,,,,,
11/22/19,"239,155,200,000",4.782,,,,,
11/23/19,"239,155,200,000",4.782,,,,,
11/24/19,"239,155,200,000",4.782,,,,,
11/25/19,"239,155,200,000",4.782,,,,,
11/26/19,"239,155,200,000",4.782,,,,,
11/27/19,"239,155,200,000",4.782,,,,,
11/28/19,"239,155,200,000",4.782,,,,,
11/29/19,"239,155,200,000",4.782,,,,,
11/30/19,"239,155,200,000",4.782,,,,,
12/1/19,"239,155,200,000",4.782,,,,,
12/2/19,"239,155,200,000",4.782,,,,,
12/3/19,"239,155,200,000",4.782,,,,,
12/4/19,"239,155,200,000",4.782,,,,,
12/5/19,"239,155,200,000",4.782,,,,,
12/6/19,"239,155,200,000",4.782,,,,,
12/7/19,"239,155,200,000",4.782,,,,,
12/8/19,"239,155,200,000",4.782,,,,,
12/9/19,"239,155,200,000",4.782,,,,,
12/10/19,"239,155,200,000",4.782,,,,,
12/11/19,"239,155,200,000",4.782,,,,,
12/12/19,"239,155,200,000",4.782,,,,,
12/13/19,"239,155,200,000",4.782,,,,,
12/14/19,"239,155,200,000",4.782,,,,,
12/15/19,"239,155,200,000",4.782,,,,,
12/16/19,"239,155,200,000",4.782,,,,,
12/17/19,"239,155,200,000",4.782,,,,,
12/18/19,"239,155,200,000",4.782,,,,,
12/19/19,"239,155,200,000",4.782,,,,,
12/20/19,"239,155,200,000",4.782,,,,,
12/21/19,"239,155,200,000",4.782,,,,,
12/22/19,"239,155,200,000",4.782,,,,,
12/23/19,"239,155,200,000",4.782,,,,,
12/24/19,"239,155,200,000",4.782,,,,,
12/25/19,"239,155,200,000",4.782,,,,,
12/26/19,"239,155,200,000",4.782,,,,,
12/27/19,"239,155,200,000",4.782,,,,,
12/28/19,"239,155,200,000",4.782,,,,,
12/29/19,"239,155,200,000",4.782,,,,,
12/30/19,"239,155,200,000",4.782,,,,,
12/31/19,"278,693,040,000",5.068,,,,,
1/1/20,"278,693,040,000",5.068,,,,,
1/2/20,"278,693,040,000",5.068,,,,,
1/3/20,"278,693,040,000",5.068,,,,,
1/4/20,"278,693,040,000",5.068,,,,,
1/5/20,"278,693,040,000",5.068,,,,,
1/6/20,"278,693,040,000",5.068,,,,,
1/7/20,"278,693,040,000",5.068,,,,,
1/8/20,"278,693,040,000",5.068,,,,,
1/9/20,"278,693,040,000",5.068,,,,,
1/10/20,"278,693,040,000",5.068,,,,,
1/11/20,"278,693,040,000",5.068,,,,,
1/12/20,"278,693,040,000",5.068,,,,,
1/13/20,"278,693,040,000",5.068,,,,,
1/14/20,"278,693,040,000",5.068,,,,,
1/15/20,"278,693,040,000",5.068,,,,,
1/16/20,"278,693,040,000",5.068,,,,,
1/17/20,"278,693,040,000",5.068,,,,,
1/18/20,"278,693,040,000",5.068,,,,,
1/19/20,"278,693,040,000",5.068,,,,,
1/20/20,"278,693,040,000",5.068,,,,,
1/21/20,"278,693,040,000",5.068,,,,,
1/22/20,"278,693,040,000",5.068,,,,,
1/23/20,"278,693,040,000",5.068,,,,,
1/24/20,"278,693,040,000",5.068,,,,,
1/25/20,"278,693,040,000",5.068,,,,,
1/26/20,"278,693,040,000",5.068,,,,,
1/27/20,"278,693,040,000",5.068,,,,,
1/28/20,"278,693,040,000",5.068,,,,,
1/29/20,"278,693,040,000",5.068,,,,,
1/30/20,"278,693,040,000",5.068,,,,,
1/31/20,"278,693,040,000",5.068,,,,,
2/1/20,"278,693,040,000",5.068,,,,,
2/2/20,"278,693,040,000",5.068,,,,,
2/3/20,"278,693,040,000",5.068,,,,,
2/4/20,"278,693,040,000",5.068,,,,,
2/5/20,"278,693,040,000",5.068,,,,,
2/6/20,"278,693,040,000",5.068,,,,,
2/7/20,"278,693,040,000",5.068,,,,,
2/8/20,"278,693,040,000",5.068,,,,,
2/9/20,"278,693,040,000",5.068,,,,,
2/10/20,"278,693,040,000",5.068,,,,,
2/11/20,"278,693,040,000",5.068,,,,,
2/12/20,"278,693,040,000",5.068,,,,,
2/13/20,"278,693,040,000",5.068,,,,,
2/14/20,"278,693,040,000",5.068,,,,,
2/15/20,"278,693,040,000",5.068,,,,,
2/16/20,"278,693,040,000",5.068,,,,,
2/17/20,"278,693,040,000",5.068,,,,,
2/18/20,"278,693,040,000",5.068,,,,,
2/19/20,"278,693,040,000",5.068,,,,,
2/20/20,"278,693,040,000",5.068,,,,,
2/21/20,"278,693,040,000",5.068,,,,,
2/22/20,"278,693,040,000",5.068,,,,,
2/23/20,"278,693,040,000",5.068,,,,,
2/24/20,"278,693,040,000",5.068,,,,,
2/25/20,"278,693,040,000",5.068,,,,,
2/26/20,"278,693,040,000",5.068,,,,,
2/27/20,"278,693,040,000",5.068,,,,,
2/28/20,"278,693,040,000",5.068,,,,,
2/29/20,"278,693,040,000",5.068,,,,,
3/1/20,"278,693,040,000",5.068,,,,,
3/2/20,"278,693,040,000",5.068,,,,,
3/3/20,"278,693,040,000",5.068,,,,,
3/4/20,"278,693,040,000",5.068,,,,,
3/5/20,"278,693,040,000",5.068,,,,,
3/6/20,"278,693,040,000",5.068,,,,,
3/7/20,"278,693,040,000",5.068,,,,,
3/8/20,"278,693,040,000",5.068,,,,,
3/9/20,"278,693,040,000",5.068,,,,,
3/10/20,"278,693,040,000",5.068,,,,,
3/11/20,"278,693,040,000",5.068,,,,,
3/12/20,"278,693,040,000",5.068,,,,,
3/13/20,"278,693,040,000",5.068,,,,,
3/14/20,"278,693,040,000",5.068,,,,,
3/15/20,"278,693,040,000",5.068,,,,,
3/16/20,"278,693,040,000",5.068,,,,,
3/17/20,"278,693,040,000",5.068,,,,,
3/18/20,"278,693,040,000",5.068,,,,,
3/19/20,"278,693,040,000",5.068,,,,,
3/20/20,"278,693,040,000",5.068,,,,,
3/21/20,"278,693,040,000",5.068,,,,,
3/22/20,"278,693,040,000",5.068,,,,,
3/23/20,"278,693,040,000",5.068,,,,,
3/24/20,"278,693,040,000",5.068,,,,,
3/25/20,"278,693,040,000",5.068,,,,,
3/26/20,"278,693,040,000",5.068,,,,,
3/27/20,"278,693,040,000",5.068,,,,,
3/28/20,"278,693,040,000",5.068,,,,,
3/29/20,"278,693,040,000",5.068,,,,,
3/30/20,"278,693,040,000",5.068,,,,,
3/31/20,"278,693,040,000",5.068,,,,,
4/1/20,"278,693,040,000",5.068,,,,,
4/2/20,"278,693,040,000",5.068,,,,,
4/3/20,"278,693,040,000",5.068,,,,,
4/4/20,"278,693,040,000",5.068,,,,,
4/5/20,"278,693,040,000",5.068,,,,,
4/6/20,"278,693,040,000",5.068,,,,,
4/7/20,"278,693,040,000",5.068,,,,,
4/8/20,"278,693,040,000",5.068,,,,,
4/9/20,"278,693,040,000",5.068,,,,,
4/10/20,"278,693,040,000",5.068,,,,,
4/11/20,"278,693,040,000",5.068,,,,,
4/12/20,"278,693,040,000",5.068,,,,,
4/13/20,"278,693,040,000",5.068,,,,,
4/14/20,"278,693,040,000",5.068,,,,,
4/15/20,"278,693,040,000",5.068,,,,,
4/16/20,"278,693,040,000",5.068,,,,,
4/17/20,"278,693,040,000",5.068,,,,,
4/18/20,"278,693,040,000",5.068,,,,,
4/19/20,"278,693,040,000",5.068,,,,,
4/20/20,"278,693,040,000",5.068,,,,,
4/21/20,"278,693,040,000",5.068,,,,,
4/22/20,"278,693,040,000",5.068,,,,,
4/23/20,"278,693,040,000",5.068,,,,,
4/24/20,"278,693,040,000",5.068,,,,,
4/25/20,"278,693,040,000",5.068,,,,,
4/26/20,"278,693,040,000",5.068,,,,,
4/27/20,"278,693,040,000",5.068,,,,,
4/28/20,"278,693,040,000",5.068,,,,,
4/29/20,"278,693,040,000",5.068,,,,,
4/30/20,"278,693,040,000",5.068,,,,,
5/1/20,"278,693,040,000",5.068,,,,,
5/2/20,"278,693,040,000",5.068,,,,,
5/3/20,"278,693,040,000",5.068,,,,,
5/4/20,"278,693,040,000",5.068,,,,,
5/5/20,"278,693,040,000",5.068,,,,,
5/6/20,"278,693,040,000",5.068,,,,,
5/7/20,"278,693,040,000",5.068,,,,,
5/8/20,"278,693,040,000",5.068,,,,,
5/9/20,"278,693,040,000",5.068,,,,,
5/10/20,"278,693,040,000",5.068,,,,,
5/11/20,"278,693,040,000",5.068,,,,,
5/12/20,"278,693,040,000",5.068,,,,,
5/13/20,"278,693,040,000",5.068,,,,,
5/14/20,"278,693,040,000",5.068,,,,,
5/15/20,"278,693,040,000",5.068,,,,,
5/16/20,"278,693,040,000",5.068,,,,,
5/17/20,"278,693,040,000",5.068,,,,,
5/18/20,"278,693,040,000",5.068,,,,,
5/19/20,"278,693,040,000",5.068,,,,,
5/20/20,"278,693,040,000",5.068,,,,,
5/21/20,"278,693,040,000",5.068,,,,,
5/22/20,"278,693,040,000",5.068,,,,,
5/23/20,"278,693,040,000",5.068,,,,,
5/24/20,"278,693,040,000",5.068,,,,,
5/25/20,"278,693,040,000",5.068,,,,,
5/26/20,"278,693,040,000",5.068,,,,,
5/27/20,"278,693,040,000",5.068,,,,,
5/28/20,"278,693,040,000",5.068,,,,,
5/29/20,"278,693,040,000",5.068,,,,,
5/30/20,"278,693,040,000",5.068,,,,,
5/31/20,"278,693,040,000",5.068,,,,,
6/1/20,"278,693,040,000",5.068,,,,,
6/2/20,"278,693,040,000",5.068,,,,,
6/3/20,"278,693,040,000",5.068,,,,,
6/4/20,"278,693,040,000",5.068,,,,,
6/5/20,"278,693,040,000",5.068,,,,,
6/6/20,"278,693,040,000",5.068,,,,,
6/7/20,"278,693,040,000",5.068,,,,,
6/8/20,"278,693,040,000",5.068,,,,,
6/9/20,"278,693,040,000",5.068,,,,,
6/10/20,"278,693,040,000",5.068,,,,,
6/11/20,"278,693,040,000",5.068,,,,,
6/12/20,"278,693,040,000",5.068,,,,,
6/13/20,"278,693,040,000",5.068,,,,,
6/14/20,"278,693,040,000",5.068,,,,,
6/15/20,"278,693,040,000",5.068,,,,,
6/16/20,"278,693,040,000",5.068,,,,,
6/17/20,"278,693,040,000",5.068,,,,,
6/18/20,"278,693,040,000",5.068,,,,,
6/19/20,"278,693,040,000",5.068,,,,,
6/20/20,"278,693,040,000",5.068,,,,,
6/21/20,"278,693,040,000",5.068,,,,,
6/22/20,"278,693,040,000",5.068,,,,,
6/23/20,"278,693,040,000",5.068,,,,,
6/24/20,"278,693,040,000",5.068,,,,,
6/25/20,"278,693,040,000",5.068,,,,,
6/26/20,"278,693,040,000",5.068,,,,,
6/27/20,"278,693,040,000",5.068,,,,,
6/28/20,"278,693,040,000",5.068,,,,,
6/29/20,"278,693,040,000",5.068,,,,,
6/30/20,"278,693,040,000",5.068,,,,,
7/1/20,"278,693,040,000",5.068,,,,,
7/2/20,"278,693,040,000",5.068,,,,,
7/3/20,"278,693,040,000",5.068,,,,,
7/4/20,"278,693,040,000",5.068,,,,,
7/5/20,"278,693,040,000",5.068,,,,,
7/6/20,"278,693,040,000",5.068,,,,,
7/7/20,"278,693,040,000",5.068,,,,,
7/8/20,"278,693,040,000",5.068,,,,,
7/9/20,"278,693,040,000",5.068,,,,,
7/10/20,"278,693,040,000",5.068,,,,,
7/11/20,"278,693,040,000",5.068,,,,,
7/12/20,"278,693,040,000",5.068,,,,,
7/13/20,"278,693,040,000",5.068,,,,,
7/14/20,"278,693,040,000",5.068,,,,,
7/15/20,"278,693,040,000",5.068,,,,,
7/16/20,"278,693,040,000",5.068,,,,,
7/17/20,"278,693,040,000",5.068,,,,,
7/18/20,"278,693,040,000",5.068,,,,,
7/19/20,"278,693,040,000",5.068,,,,,
7/20/20,"278,693,040,000",5.068,,,,,
7/21/20,"278,693,040,000",5.068,,,,,
7/22/20,"278,693,040,000",5.068,,,,,
7/23/20,"278,693,040,000",5.068,,,,,
7/24/20,"278,693,040,000",5.068,,,,,
7/25/20,"278,693,040,000",5.068,,,,,
7/26/20,"278,693,040,000",5.068,,,,,
7/27/20,"278,693,040,000",5.068,,,,,
7/28/20,"278,693,040,000",5.068,,,,,
7/29/20,"278,693,040,000",5.068,,,,,
7/30/20,"278,693,040,000",5.068,,,,,
7/31/20,"278,693,040,000",5.068,,,,,
8/1/20,"278,693,040,000",5.068,,,,,
8/2/20,"278,693,040,000",5.068,,,,,
8/3/20,"278,693,040,000",5.068,,,,,
8/4/20,"278,693,040,000",5.068,,,,,
8/5/20,"278,693,040,000",5.068,,,,,
8/6/20,"278,693,040,000",5.068,,,,,
8/7/20,"278,693,040,000",5.068,,,,,
8/8/20,"278,693,040,000",5.068,,,,,
8/9/20,"278,693,040,000",5.068,,,,,
8/10/20,"278,693,040,000",5.068,,,,,
8/11/20,"278,693,040,000",5.068,,,,,
8/12/20,"278,693,040,000",5.068,,,,,
8/13/20,"278,693,040,000",5.068,,,,,
8/14/20,"278,693,040,000",5.068,,,,,
8/15/20,"278,693,040,000",5.068,,,,,
8/16/20,"278,693,040,000",5.068,,,,,
8/17/20,"278,693,040,000",5.068,,,,,
8/18/20,"278,693,040,000",5.068,,,,,
8/19/20,"278,693,040,000",5.068,,,,,
8/20/20,"278,693,040,000",5.068,,,,,
8/21/20,"278,693,040,000",5.068,,,,,
8/22/20,"278,693,040,000",5.068,,,,,
8/23/20,"278,693,040,000",5.068,,,,,
8/24/20,"278,693,040,000",5.068,,,,,
8/25/20,"278,693,040,000",5.068,,,,,
8/26/20,"278,693,040,000",5.068,,,,,
8/27/20,"278,693,040,000",5.068,,,,,
8/28/20,"278,693,040,000",5.068,,,,,
8/29/20,"278,693,040,000",5.068,,,,,
8/30/20,"278,693,040,000",5.068,,,,,
8/31/20,"278,693,040,000",5.068,,,,,
9/1/20,"278,693,040,000",5.068,,,,,
9/2/20,"278,693,040,000",5.068,,,,,
9/3/20,"278,693,040,000",5.068,,,,,
9/4/20,"278,693,040,000",5.068,,,,,
9/5/20,"278,693,040,000",5.068,,,,,
9/6/20,"278,693,040,000",5.068,,,,,
9/7/20,"278,693,040,000",5.068,,,,,
9/8/20,"278,693,040,000",5.068,,,,,
9/9/20,"278,693,040,000",5.068,,,,,
9/10/20,"278,693,040,000",5.068,,,,,
9/11/20,"278,693,040,000",5.068,,,,,
9/12/20,"278,693,040,000",5.068,,,,,
9/13/20,"278,693,040,000",5.068,,,,,
9/14/20,"278,693,040,000",5.068,,,,,
9/15/20,"278,693,040,000",5.068,,,,,
9/16/20,"278,693,040,000",5.068,,,,,
9/17/20,"278,693,040,000",5.068,,,,,
9/18/20,"278,693,040,000",5.068,,,,,
9/19/20,"278,693,040,000",5.068,,,,,
9/20/20,"278,693,040,000",5.068,,,,,
9/21/20,"278,693,040,000",5.068,,,,,
9/22/20,"278,693,040,000",5.068,,,,,
9/23/20,"278,693,040,000",5.068,,,,,
9/24/20,"278,693,040,000",5.068,,,,,
9/25/20,"278,693,040,000",5.068,,,,,
9/26/20,"278,693,040,000",5.068,,,,,
9/27/20,"278,693,040,000",5.068,,,,,
9/28/20,"278,693,040,000",5.068,,,,,
9/29/20,"278,693,040,000",5.068,,,,,
9/30/20,"278,693,040,000",5.068,,,,,
10/1/20,"278,693,040,000",5.068,,,,,
10/2/20,"278,693,040,000",5.068,,,,,
10/3/20,"278,693,040,000",5.068,,,,,
10/4/20,"278,693,040,000",5.068,,,,,
10/5/20,"278,693,040,000",5.068,,,,,
10/6/20,"278,693,040,000",5.068,,,,,
10/7/20,"278,693,040,000",5.068,,,,,
10/8/20,"278,693,040,000",5.068,,,,,
10/9/20,"278,693,040,000",5.068,,,,,
10/10/20,"278,693,040,000",5.068,,,,,
10/11/20,"278,693,040,000",5.068,,,,,
10/12/20,"278,693,040,000",5.068,,,,,
10/13/20,"278,693,040,000",5.068,,,,,
10/14/20,"278,693,040,000",5.068,,,,,
10/15/20,"278,693,040,000",5.068,,,,,
10/16/20,"278,693,040,000",5.068,,,,,
10/17/20,"278,693,040,000",5.068,,,,,
10/18/20,"278,693,040,000",5.068,,,,,
10/19/20,"278,693,040,000",5.068,,,,,
10/20/20,"278,693,040,000",5.068,,,,,
10/21/20,"278,693,040,000",5.068,,,,,
10/22/20,"278,693,040,000",5.068,,,,,
10/23/20,"278,693,040,000",5.068,,,,,
10/24/20,"278,693,040,000",5.068,,,,,
10/25/20,"278,693,040,000",5.068,,,,,
10/26/20,"278,693,040,000",5.068,,,,,
10/27/20,"278,693,040,000",5.068,,,,,
10/28/20,"278,693,040,000",5.068,,,,,
10/29/20,"278,693,040,000",5.068,,,,,
10/30/20,"278,693,040,000",5.068,,,,,
10/31/20,"278,693,040,000",5.068,,,,,
11/1/20,"278,693,040,000",5.068,,,,,
11/2/20,"278,693,040,000",5.068,,,,,
11/3/20,"278,693,040,000",5.068,,,,,
11/4/20,"278,693,040,000",5.068,,,,,
11/5/20,"278,693,040,000",5.068,,,,,
11/6/20,"278,693,040,000",5.068,,,,,
11/7/20,"278,693,040,000",5.068,,,,,
11/8/20,"278,693,040,000",5.068,,,,,
11/9/20,"278,693,040,000",5.068,,,,,
11/10/20,"278,693,040,000",5.068,,,,,
11/11/20,"278,693,040,000",5.068,,,,,
11/12/20,"278,693,040,000",5.068,,,,,
11/13/20,"278,693,040,000",5.068,,,,,
11/14/20,"278,693,040,000",5.068,,,,,
11/15/20,"278,693,040,000",5.068,,,,,
11/16/20,"278,693,040,000",5.068,,,,,
11/17/20,"278,693,040,000",5.068,,,,,
11/18/20,"278,693,040,000",5.068,,,,,
11/19/20,"278,693,040,000",5.068,,,,,
11/20/20,"278,693,040,000",5.068,,,,,
11/21/20,"278,693,040,000",5.068,,,,,
11/22/20,"278,693,040,000",5.068,,,,,
11/23/20,"278,693,040,000",5.068,,,,,
11/24/20,"278,693,040,000",5.068,,,,,
11/25/20,"278,693,040,000",5.068,,,,,
11/26/20,"278,693,040,000",5.068,,,,,
11/27/20,"278,693,040,000",5.068,,,,,
11/28/20,"278,693,040,000",5.068,,,,,
11/29/20,"278,693,040,000",5.068,,,,,
11/30/20,"278,693,040,000",5.068,,,,,
12/1/20,"278,693,040,000",5.068,,,,,
12/2/20,"278,693,040,000",5.068,,,,,
12/3/20,"278,693,040,000",5.068,,,,,
12/4/20,"278,693,040,000",5.068,,,,,
12/5/20,"278,693,040,000",5.068,,,,,
12/6/20,"278,693,040,000",5.068,,,,,
12/7/20,"278,693,040,000",5.068,,,,,
12/8/20,"278,693,040,000",5.068,,,,,
12/9/20,"278,693,040,000",5.068,,,,,
12/10/20,"278,693,040,000",5.068,,,,,
12/11/20,"278,693,040,000",5.068,,,,,
12/12/20,"278,693,040,000",5.068,,,,,
12/13/20,"278,693,040,000",5.068,,,,,
12/14/20,"278,693,040,000",5.068,,,,,
12/15/20,"278,693,040,000",5.068,,,,,
12/16/20,"278,693,040,000",5.068,,,,,
12/17/20,"278,693,040,000",5.068,,,,,
12/18/20,"278,693,040,000",5.068,,,,,
12/19/20,"278,693,040,000",5.068,,,,,
12/20/20,"278,693,040,000",5.068,,,,,
12/21/20,"278,693,040,000",5.068,,,,,
12/22/20,"278,693,040,000",5.068,,,,,
12/23/20,"278,693,040,000",5.068,,,,,
12/24/20,"278,693,040,000",5.068,,,,,
12/25/20,"278,693,040,000",5.068,,,,,
12/26/20,"278,693,040,000",5.068,,,,,
12/27/20,"278,693,040,000",5.068,,,,,
12/28/20,"278,693,040,000",5.068,,,,,
12/29/20,"278,693,040,000",5.068,,,,,
12/30/20,"278,693,040,000",5.068,,,,,
12/31/20,"331,743,280,000",5.086,,,,,
1/1/21,"331,743,280,000",5.086,,,,,